post_id,platform,timestamp,date,hour,text,likes,shares,comments,views,engagement,engagement_rate,sentiment_label,sentiment_score,hashtags,hashtags_str,topic,user_type,verified,language
P0001,Instagram,2026-03-01 12:00:22,2026-03-01,12,Info session about customer service – slides shared in comments. #CustomerLove #Entertainment,1338,29,310,30808,1677,5.44,neutral,0.136,#Community,#Community,Customer Service,Regular,False,en
P0002,Instagram,2026-03-01 13:51:29,2026-03-01,13,Fantastic tech review event today! Great speakers and networking opportunities. #SportsDay,1244,312,657,10825,2213,20.44,positive,0.722,"#CustomerLove, #Update, #BreakingNews, #Review",#CustomerLove #Update #BreakingNews #Review,Tech Review,Brand,True,en
P0003,Twitter,2026-03-01 15:42:01,2026-03-01,15,The entertainment event was chaotic and poorly organized. Waste of time. #TechLaunch #Trending @team,752,152,165,13515,1069,7.91,negative,-0.8,"#Lifestyle, #Update, #TechLaunch, #Trending",#Lifestyle #Update #TechLaunch #Trending,Entertainment,Brand,True,en
P0004,Facebook,2026-03-01 17:15:17,2026-03-01,17,Avoid sports – quality control issues and no refund. #Innovation #BreakingNews,1063,228,285,24689,1576,6.38,negative,-0.717,"#BreakingNews, #Innovation, #MustHave, #BrandCampaign",#BreakingNews #Innovation #MustHave #BrandCampaign,Sports,Verified,True,en
P0005,Twitter,2026-03-02 10:04:49,2026-03-02,10,Live from the entertainment venue. Crowd size looks moderate. #Innovation #Viral @brand,408,172,57,11653,637,5.47,neutral,-0.315,#Feedback,#Feedback,Entertainment,Regular,False,en
P0006,Twitter,2026-03-02 16:00:54,2026-03-02,16,Misleading advertising for lifestyle. What was promised vs delivered is very different. #Event2026 #Review #CustomerLove @team,356,68,246,6174,670,10.85,negative,-0.819,#Support,#Support,Lifestyle,Influencer,True,en
P0007,YouTube,2026-03-02 21:06:37,2026-03-02,21,Cancelled my order for product launch. Too many delays and poor communication. #Event2026,976,447,2385,23571,3808,16.16,negative,-0.894,#SportsDay,#SportsDay,Product Launch,Brand,True,en
P0008,Instagram,2026-03-03 19:15:48,2026-03-03,19,Info session about entertainment – slides shared in comments. #Viral #Community @support,706,116,100,19156,922,4.81,neutral,0.23,#Innovation,#Innovation,Entertainment,Verified,True,en
P0009,Instagram,2026-03-05 15:15:44,2026-03-05,15,Update on entertainment: rollout scheduled next week across all regions. #Innovation #Update #TechLaunch https://t.co/example123,2077,59,191,36020,2327,6.46,neutral,-0.122,"#Viral, #Quality",#Viral #Quality,Entertainment,Regular,False,en
P0010,Instagram,2026-03-06 08:12:20,2026-03-06,8,Love how news keeps innovating. Best update this quarter! #Update #Support @official,1736,182,134,34276,2052,5.99,positive,0.677,"#Innovation, #Sale, #Event2026, #BreakingNews",#Innovation #Sale #Event2026 #BreakingNews,News,Regular,False,en
P0011,Facebook,2026-03-06 14:36:40,2026-03-06,14,Info session about marketing campaign – slides shared in comments. #SportsDay #CustomerLove @team https://t.co/example123,88,484,240,5945,812,13.66,neutral,-0.278,#Trending,#Trending,Marketing Campaign,Influencer,False,en
P0012,Twitter,2026-03-06 15:41:09,2026-03-06,15,Shoutout to the team behind tech review – you nailed it. Can't wait for what's next! #Sale #MustHave #BrandCampaign,481,245,77,6225,803,12.9,positive,0.551,"#Viral, #Review",#Viral #Review,Tech Review,Regular,False,en
P0013,Twitter,2026-03-06 16:16:42,2026-03-06,16,My favorite lifestyle ever. Worth every penny! #Community #Viral @brand,446,120,136,12610,702,5.57,positive,0.79,#Entertainment,#Entertainment,Lifestyle,Regular,False,en
P0014,Twitter,2026-03-06 22:35:18,2026-03-06,22,"Comparison: marketing campaign vs competitors – specs, pricing and availability. #BreakingNews #Feedback @brand",623,273,155,11414,1051,9.21,neutral,-0.156,"#Innovation, #CustomerLove",#Innovation #CustomerLove,Marketing Campaign,Regular,False,en
P0015,YouTube,2026-03-07 06:27:47,2026-03-07,6,My favorite marketing campaign ever. Worth every penny! #Sale #Trending #Innovation,1687,336,427,38132,2450,6.43,positive,0.682,#Event2026,#Event2026,Marketing Campaign,Regular,False,en
P0016,Instagram,2026-03-07 16:31:05,2026-03-07,16,Absolutely love the new lifestyle! The quality is outstanding and delivery was super fast. Highly recommend! #Quality,3410,217,28,59280,3655,6.17,positive,0.84,"#SportsDay, #Community, #Viral",#SportsDay #Community #Viral,Lifestyle,Regular,False,en
P0017,Instagram,2026-03-10 13:12:33,2026-03-10,13,Documenting my week with entertainment. Day 3 observations. #CustomerLove #MustHave #BrandCampaign @official https://t.co/example123,1430,110,365,35251,1905,5.4,neutral,0.25,"#Support, #TechLaunch, #Update, #MustHave",#Support #TechLaunch #Update #MustHave,Entertainment,Regular,False,en
P0018,Instagram,2026-03-10 23:58:07,2026-03-10,23,Really disappointed with news. The product arrived damaged and support hasn't replied in 3 days. #Event2026 #BreakingNews #SportsDay @brand,2014,187,587,47316,2788,5.89,negative,-0.892,#BreakingNews,#BreakingNews,News,Influencer,True,en
P0019,Twitter,2026-03-11 18:54:26,2026-03-11,18,Info session about marketing campaign – slides shared in comments. #Lifestyle #Trending #Entertainment,299,217,126,8873,642,7.24,neutral,0.006,"#BrandCampaign, #Innovation",#BrandCampaign #Innovation,Marketing Campaign,Regular,False,en
P0020,Twitter,2026-03-13 07:50:16,2026-03-13,7,Cancelled my order for news. Too many delays and poor communication. #MustHave @team https://t.co/example123,893,106,167,9071,1166,12.85,negative,-0.814,"#Viral, #Lifestyle",#Viral #Lifestyle,News,Brand,True,en
P0021,Instagram,2026-03-13 10:49:26,2026-03-13,10,My favorite lifestyle ever. Worth every penny! #Quality #Feedback #NewProduct,3229,198,451,75484,3878,5.14,positive,0.678,"#NewProduct, #Entertainment, #BreakingNews, #Trending",#NewProduct #Entertainment #BreakingNews #Trending,Lifestyle,Brand,True,en
P0022,Instagram,2026-03-13 17:57:01,2026-03-13,17,Really disappointed with entertainment. The product arrived damaged and support hasn't replied in 3 days. #BrandCampaign #BreakingNews #Sale,2617,137,528,64623,3282,5.08,negative,-0.613,"#Review, #Event2026, #MustHave, #SportsDay",#Review #Event2026 #MustHave #SportsDay,Entertainment,Influencer,True,en
P0023,LinkedIn,2026-03-14 09:29:40,2026-03-14,9,Here's my unboxing of lifestyle. First impressions in thread. #Event2026,436,146,89,7060,671,9.5,neutral,-0.179,"#Quality, #Community",#Quality #Community,Lifestyle,Regular,False,en
P0024,Twitter,2026-03-15 11:28:02,2026-03-15,11,"Comparison: entertainment vs competitors – specs, pricing and availability. #Feedback #BreakingNews #Entertainment",782,30,158,20330,970,4.77,neutral,0.13,"#Review, #CustomerLove",#Review #CustomerLove,Entertainment,Regular,False,en
P0025,YouTube,2026-03-15 12:23:42,2026-03-15,12,"This sports campaign is everything! Creative, inspiring and so well executed. #CustomerLove @team https://t.co/example123",1386,331,446,30061,2163,7.2,positive,0.577,"#Update, #Lifestyle",#Update #Lifestyle,Sports,Verified,True,en
P0026,YouTube,2026-03-15 13:39:56,2026-03-15,13,Cancelled my order for entertainment. Too many delays and poor communication. #Innovation #Community #Trending,95,100,782,4770,977,20.48,negative,-0.823,#BreakingNews,#BreakingNews,Entertainment,Verified,True,en
P0027,Twitter,2026-03-15 15:36:18,2026-03-15,15,Misleading advertising for lifestyle. What was promised vs delivered is very different. #Viral #Innovation #MustHave https://t.co/example123,926,136,33,23202,1095,4.72,negative,-0.78,"#Quality, #Review, #BreakingNews, #Trending",#Quality #Review #BreakingNews #Trending,Lifestyle,Influencer,False,en
P0028,Facebook,2026-03-15 21:09:48,2026-03-15,21,Shoutout to the team behind marketing campaign – you nailed it. Can't wait for what's next! #Innovation,389,112,72,12722,573,4.5,positive,0.871,"#NewProduct, #Review, #MustHave",#NewProduct #Review #MustHave,Marketing Campaign,Regular,False,en
P0029,Twitter,2026-03-16 14:49:23,2026-03-16,14,"Just tried the new feature and I'm blown away. Clean UI, smooth performance! #NewProduct #TechLaunch #SportsDay @support",132,18,36,3990,186,4.66,positive,0.893,#BrandCampaign,#BrandCampaign,Marketing Campaign,Verified,True,en
P0030,Twitter,2026-03-16 18:38:00,2026-03-16,18,"Worst experience with customer service customer service. Long wait, no resolution. #Entertainment #BrandCampaign #Update @support",674,15,15,14127,704,4.98,negative,-0.941,"#NewProduct, #Lifestyle",#NewProduct #Lifestyle,Customer Service,Verified,True,en
P0031,YouTube,2026-03-16 20:41:22,2026-03-16,20,"Checking out the new entertainment update. Some interesting changes, still exploring. #Feedback #Entertainment #MustHave https://t.co/example123",2209,48,817,48680,3074,6.31,neutral,0.27,"#Review, #Feedback, #Update",#Review #Feedback #Update,Entertainment,Influencer,True,en
P0032,Instagram,2026-03-17 11:09:04,2026-03-17,11,Info session about customer service – slides shared in comments. #Viral #Review,2215,82,244,18218,2541,13.95,neutral,0.081,#BrandCampaign,#BrandCampaign,Customer Service,Regular,False,en
P0033,Twitter,2026-03-17 11:16:23,2026-03-17,11,"Comparison: sports vs competitors – specs, pricing and availability. #MustHave #BreakingNews",537,225,28,10423,790,7.58,neutral,-0.144,"#Viral, #Review, #NewProduct, #Event2026",#Viral #Review #NewProduct #Event2026,Sports,Regular,False,en
P0034,YouTube,2026-03-18 10:06:22,2026-03-18,10,Cancelled my order for news. Too many delays and poor communication. #Viral #CustomerLove #Sale,2357,276,1513,29292,4146,14.15,negative,-0.94,"#Lifestyle, #Quality",#Lifestyle #Quality,News,Regular,False,en
P0035,LinkedIn,2026-03-19 15:25:04,2026-03-19,15,Shoutout to the team behind sports – you nailed it. Can't wait for what's next! #SportsDay @official,454,145,100,11565,699,6.04,positive,0.647,"#TechLaunch, #SportsDay, #Lifestyle",#TechLaunch #SportsDay #Lifestyle,Sports,Regular,False,en
P0036,Twitter,2026-03-19 16:26:17,2026-03-19,16,Love how product launch keeps innovating. Best update this quarter! #Event2026 #BrandCampaign #CustomerLove @brand,484,179,43,11748,706,6.01,positive,0.712,"#MustHave, #Viral, #Quality",#MustHave #Viral #Quality,Product Launch,Regular,False,en
P0037,Facebook,2026-03-20 08:01:20,2026-03-20,8,Absolutely love the new marketing campaign! The quality is outstanding and delivery was super fast. Highly recommend! #TechLaunch #MustHave,1174,352,186,14992,1712,11.42,positive,0.649,"#Community, #Trending, #Viral, #Sale",#Community #Trending #Viral #Sale,Marketing Campaign,Regular,False,en
P0038,Twitter,2026-03-20 12:00:31,2026-03-20,12,"Just tried the new feature and I'm blown away. Clean UI, smooth performance! #Event2026 #CustomerLove @official",627,254,137,11031,1018,9.23,positive,0.842,"#Innovation, #Sale",#Innovation #Sale,Customer Service,Regular,False,en
P0039,Twitter,2026-03-20 14:57:49,2026-03-20,14,Not impressed by news – overpriced and underwhelming. Expected much better. #Sale #NewProduct @support https://t.co/example123,349,296,198,11272,843,7.48,negative,-0.942,#Support,#Support,News,Brand,True,en
P0040,Instagram,2026-03-21 07:28:40,2026-03-21,7,My favorite marketing campaign ever. Worth every penny! #Community #Event2026,988,278,557,11331,1823,16.09,positive,0.635,"#NewProduct, #Lifestyle, #MustHave",#NewProduct #Lifestyle #MustHave,Marketing Campaign,Regular,False,en
P0041,Facebook,2026-03-21 20:24:26,2026-03-21,20,Absolutely love the new marketing campaign! The quality is outstanding and delivery was super fast. Highly recommend! #MustHave,733,375,48,19005,1156,6.08,positive,0.899,"#Feedback, #Event2026",#Feedback #Event2026,Marketing Campaign,Verified,True,en
P0042,Instagram,2026-03-21 20:36:41,2026-03-21,20,Amazing experience with lifestyle – customer support went above and beyond. 5 stars! #Event2026 #Support #Trending,523,41,443,9519,1007,10.58,positive,0.582,#MustHave,#MustHave,Lifestyle,Influencer,True,en
P0043,LinkedIn,2026-03-22 08:54:50,2026-03-22,8,Cancelled my order for marketing campaign. Too many delays and poor communication. #Feedback @support,886,40,134,22771,1060,4.66,negative,-0.662,"#Entertainment, #BreakingNews, #Lifestyle, #Update",#Entertainment #BreakingNews #Lifestyle #Update,Marketing Campaign,Influencer,True,en
P0044,LinkedIn,2026-03-22 11:24:41,2026-03-22,11,Update on product launch: rollout scheduled next week across all regions. #Event2026 #Lifestyle #NewProduct @support,144,187,114,5207,445,8.55,neutral,-0.304,"#Trending, #Lifestyle, #BrandCampaign",#Trending #Lifestyle #BrandCampaign,Product Launch,Brand,True,en
P0045,Twitter,2026-03-23 08:15:26,2026-03-23,8,Absolutely love the new sports! The quality is outstanding and delivery was super fast. Highly recommend! #TechLaunch @support,653,98,256,18693,1007,5.39,positive,0.673,"#Review, #Sale, #BreakingNews, #Community",#Review #Sale #BreakingNews #Community,Sports,Brand,True,en
P0046,LinkedIn,2026-03-23 10:20:59,2026-03-23,10,"Checking out the new lifestyle update. Some interesting changes, still exploring. #CustomerLove #Trending https://t.co/example123",108,58,106,5239,272,5.19,neutral,0.232,#Feedback,#Feedback,Lifestyle,Regular,False,en
P0047,Twitter,2026-03-23 19:18:05,2026-03-23,19,"This news campaign is everything! Creative, inspiring and so well executed. #CustomerLove #Quality",560,219,44,12793,823,6.43,positive,0.714,#Support,#Support,News,Regular,False,en
P0048,LinkedIn,2026-03-23 21:50:30,2026-03-23,21,Really disappointed with product launch. The product arrived damaged and support hasn't replied in 3 days. #Feedback #BreakingNews,275,68,40,7160,383,5.35,negative,-0.714,"#BreakingNews, #Update, #Event2026, #Sale",#BreakingNews #Update #Event2026 #Sale,Product Launch,Influencer,False,en
P0049,Facebook,2026-03-24 22:04:33,2026-03-24,22,The news event was chaotic and poorly organized. Waste of time. #Event2026,1085,304,128,15406,1517,9.85,negative,-0.765,"#BrandCampaign, #Support",#BrandCampaign #Support,News,Regular,False,en
P0050,Instagram,2026-03-25 15:52:41,2026-03-25,15,Amazing experience with product launch – customer support went above and beyond. 5 stars! #BreakingNews #Review,1609,69,392,15797,2070,13.1,positive,0.823,"#Lifestyle, #CustomerLove, #Feedback",#Lifestyle #CustomerLove #Feedback,Product Launch,Regular,False,en
P0051,Twitter,2026-03-25 23:34:30,2026-03-25,23,Update on news: rollout scheduled next week across all regions. #CustomerLove,158,37,186,3778,381,10.08,neutral,-0.222,"#Sale, #Support, #Trending",#Sale #Support #Trending,News,Verified,True,en
P0052,Instagram,2026-03-26 12:51:47,2026-03-26,12,My favorite sports ever. Worth every penny! #MustHave #CustomerLove,1906,159,377,41391,2442,5.9,positive,0.677,"#Innovation, #CustomerLove, #BrandCampaign, #Trending",#Innovation #CustomerLove #BrandCampaign #Trending,Sports,Regular,False,en
P0053,Twitter,2026-03-26 13:52:11,2026-03-26,13,Avoid tech review – quality control issues and no refund. #NewProduct #SportsDay,299,68,97,9555,464,4.86,negative,-0.959,"#BrandCampaign, #Viral, #Event2026",#BrandCampaign #Viral #Event2026,Tech Review,Regular,False,en
P0054,Instagram,2026-03-27 12:36:23,2026-03-27,12,"Worst experience with customer service customer service. Long wait, no resolution. #SportsDay #Feedback #Support @support",448,188,373,10073,1009,10.02,negative,-0.556,"#Quality, #TechLaunch",#Quality #TechLaunch,Customer Service,Brand,True,en
P0055,Instagram,2026-03-27 13:57:45,2026-03-27,13,Shoutout to the team behind lifestyle – you nailed it. Can't wait for what's next! #MustHave #Entertainment,2124,137,208,54064,2469,4.57,positive,0.866,"#Entertainment, #Review, #Lifestyle, #BrandCampaign",#Entertainment #Review #Lifestyle #BrandCampaign,Lifestyle,Regular,False,en
P0056,Facebook,2026-03-27 15:33:23,2026-03-27,15,Live from the product launch venue. Crowd size looks moderate. #Community #CustomerLove,101,74,39,4515,214,4.74,neutral,0.197,"#Feedback, #MustHave, #BrandCampaign",#Feedback #MustHave #BrandCampaign,Product Launch,Regular,False,en
P0057,LinkedIn,2026-03-28 16:37:37,2026-03-28,16,Update on customer service: rollout scheduled next week across all regions. #Update @official,245,90,68,4811,403,8.38,neutral,-0.237,#Support,#Support,Customer Service,Regular,False,en
P0058,Instagram,2026-03-28 18:08:27,2026-03-28,18,Amazing experience with marketing campaign – customer support went above and beyond. 5 stars! #NewProduct,4569,310,492,100658,5371,5.34,positive,0.683,"#Lifestyle, #Update, #SportsDay",#Lifestyle #Update #SportsDay,Marketing Campaign,Influencer,True,en
P0059,Twitter,2026-03-31 09:26:30,2026-03-31,9,Documenting my week with sports. Day 3 observations. #TechLaunch #Quality #Update @official,63,59,18,2734,140,5.12,neutral,0.228,"#Sale, #MustHave, #BrandCampaign, #CustomerLove",#Sale #MustHave #BrandCampaign #CustomerLove,Sports,Brand,True,en
P0060,Instagram,2026-04-01 11:24:55,2026-04-01,11,Amazing experience with sports – customer support went above and beyond. 5 stars! #BreakingNews #MustHave @team https://t.co/example123,2390,171,121,49628,2682,5.4,positive,0.859,#CustomerLove,#CustomerLove,Sports,Influencer,False,en
P0061,Twitter,2026-04-02 12:03:18,2026-04-02,12,Misleading advertising for marketing campaign. What was promised vs delivered is very different. #TechLaunch #BrandCampaign,237,338,174,9299,749,8.05,negative,-0.67,"#Entertainment, #Community",#Entertainment #Community,Marketing Campaign,Brand,True,en
P0062,Instagram,2026-04-02 13:35:17,2026-04-02,13,Love how news keeps innovating. Best update this quarter! #Trending @support,628,72,382,15235,1082,7.1,positive,0.596,"#BrandCampaign, #Trending, #Support",#BrandCampaign #Trending #Support,News,Regular,False,en
P0063,Instagram,2026-04-02 14:41:50,2026-04-02,14,"Checking out the new lifestyle update. Some interesting changes, still exploring. #NewProduct #Review",3337,297,476,60619,4110,6.78,neutral,0.007,#Event2026,#Event2026,Lifestyle,Influencer,False,en
P0064,Facebook,2026-04-02 19:47:46,2026-04-02,19,"Attended the tech review webinar today. Covered basics, Q&A was decent. #TechLaunch",1050,110,167,14140,1327,9.38,neutral,-0.231,"#Entertainment, #Viral, #Support, #Quality",#Entertainment #Viral #Support #Quality,Tech Review,Brand,True,en
P0065,LinkedIn,2026-04-02 20:20:10,2026-04-02,20,Fantastic customer service event today! Great speakers and networking opportunities. #CustomerLove #Event2026 #Community @official,362,144,48,5974,554,9.27,positive,0.71,"#Lifestyle, #Support, #Event2026, #NewProduct",#Lifestyle #Support #Event2026 #NewProduct,Customer Service,Regular,False,en
P0066,Twitter,2026-04-03 21:17:35,2026-04-03,21,Info session about marketing campaign – slides shared in comments. #NewProduct #Update #Feedback,509,274,99,10580,882,8.34,neutral,0.349,"#Event2026, #Quality, #Entertainment",#Event2026 #Quality #Entertainment,Marketing Campaign,Regular,False,en
P0067,Twitter,2026-04-04 11:45:05,2026-04-04,11,Not impressed by lifestyle – overpriced and underwhelming. Expected much better. #Update #Trending #Community,664,237,189,12981,1090,8.4,negative,-0.683,"#Sale, #CustomerLove",#Sale #CustomerLove,Lifestyle,Brand,True,en
P0068,Instagram,2026-04-04 13:45:30,2026-04-04,13,Not impressed by news – overpriced and underwhelming. Expected much better. #Community #BreakingNews #Event2026 @support,2665,331,819,43764,3815,8.72,negative,-0.888,#Review,#Review,News,Influencer,True,en
P0069,LinkedIn,2026-04-04 13:53:11,2026-04-04,13,Cancelled my order for product launch. Too many delays and poor communication. #CustomerLove #BrandCampaign https://t.co/example123,502,124,85,9381,711,7.58,negative,-0.912,#SportsDay,#SportsDay,Product Launch,Verified,True,en
P0070,YouTube,2026-04-06 10:07:21,2026-04-06,10,Amazing experience with product launch – customer support went above and beyond. 5 stars! #Sale #MustHave,632,229,48,7500,909,12.12,positive,0.763,"#Lifestyle, #Support, #MustHave, #Innovation",#Lifestyle #Support #MustHave #Innovation,Product Launch,Verified,True,en
P0071,Twitter,2026-04-06 20:00:16,2026-04-06,20,The news event was chaotic and poorly organized. Waste of time. #Support #NewProduct @brand https://t.co/example123,515,472,280,8647,1267,14.65,negative,-0.974,"#Quality, #NewProduct",#Quality #NewProduct,News,Influencer,True,en
P0072,Instagram,2026-04-07 21:30:09,2026-04-07,21,Absolutely love the new lifestyle! The quality is outstanding and delivery was super fast. Highly recommend! #Review #MustHave #Sale @official,126,71,344,4329,541,12.5,positive,0.861,"#Feedback, #BreakingNews, #Community",#Feedback #BreakingNews #Community,Lifestyle,Verified,True,en
P0073,Instagram,2026-04-08 09:20:54,2026-04-08,9,"Attended the sports webinar today. Covered basics, Q&A was decent. #MustHave #Support #Feedback @brand https://t.co/example123",2281,175,121,39095,2577,6.59,neutral,-0.02,"#Community, #Update",#Community #Update,Sports,Regular,False,en
P0074,Twitter,2026-04-08 16:22:07,2026-04-08,16,Here's my unboxing of sports. First impressions in thread. #Viral,117,319,14,5338,450,8.43,neutral,-0.308,"#Trending, #Event2026, #BrandCampaign, #Lifestyle",#Trending #Event2026 #BrandCampaign #Lifestyle,Sports,Brand,True,en
P0075,Instagram,2026-04-08 18:47:13,2026-04-08,18,The customer service event was chaotic and poorly organized. Waste of time. #Community #CustomerLove,3046,30,387,40756,3463,8.5,negative,-0.77,"#TechLaunch, #Trending, #Innovation",#TechLaunch #Trending #Innovation,Customer Service,Influencer,True,en
P0076,Twitter,2026-04-09 07:38:02,2026-04-09,7,This entertainment update broke everything. App keeps crashing now. Fix ASAP! #Feedback #Lifestyle @brand https://t.co/example123,136,663,339,4601,1138,24.73,negative,-0.884,"#Event2026, #TechLaunch, #BreakingNews, #Entertainment",#Event2026 #TechLaunch #BreakingNews #Entertainment,Entertainment,Regular,False,en
P0077,YouTube,2026-04-10 10:48:37,2026-04-10,10,"Just tried the new feature and I'm blown away. Clean UI, smooth performance! #Innovation",201,241,470,4576,912,19.93,positive,0.692,#BrandCampaign,#BrandCampaign,Marketing Campaign,Regular,False,en
P0078,Instagram,2026-04-10 13:17:03,2026-04-10,13,Shoutout to the team behind product launch – you nailed it. Can't wait for what's next! #Community @official https://t.co/example123,2290,60,396,21757,2746,12.62,positive,0.739,"#Support, #BreakingNews",#Support #BreakingNews,Product Launch,Regular,False,en
P0079,Facebook,2026-04-10 16:19:16,2026-04-10,16,This tech review update broke everything. App keeps crashing now. Fix ASAP! #Event2026 #Entertainment #Trending,61,118,102,4594,281,6.12,negative,-0.837,"#Trending, #MustHave, #Update",#Trending #MustHave #Update,Tech Review,Regular,False,en
P0080,Facebook,2026-04-10 18:58:03,2026-04-10,18,"This marketing campaign campaign is everything! Creative, inspiring and so well executed. #Trending #SportsDay",1296,444,268,30560,2008,6.57,positive,0.763,"#Sale, #Lifestyle",#Sale #Lifestyle,Marketing Campaign,Influencer,True,en
P0081,Instagram,2026-04-11 06:54:04,2026-04-11,6,"Worst experience with sports customer service. Long wait, no resolution. #Update #Quality #SportsDay",2924,170,134,56942,3228,5.67,negative,-0.564,#Support,#Support,Sports,Regular,False,en
P0082,Instagram,2026-04-11 08:24:24,2026-04-11,8,Cancelled my order for entertainment. Too many delays and poor communication. #MustHave #Community @support,2678,751,754,54207,4183,7.72,negative,-0.934,#CustomerLove,#CustomerLove,Entertainment,Brand,True,en
P0083,Instagram,2026-04-11 12:53:15,2026-04-11,12,Really disappointed with news. The product arrived damaged and support hasn't replied in 3 days. #BreakingNews #Lifestyle #TechLaunch @team,1947,79,278,38436,2304,5.99,negative,-0.669,"#NewProduct, #BreakingNews",#NewProduct #BreakingNews,News,Regular,False,en
P0084,YouTube,2026-04-11 15:18:01,2026-04-11,15,My favorite product launch ever. Worth every penny! #CustomerLove #Quality https://t.co/example123,933,39,297,9255,1269,13.71,positive,0.912,"#TechLaunch, #Event2026, #Support, #Innovation",#TechLaunch #Event2026 #Support #Innovation,Product Launch,Brand,True,en
P0085,YouTube,2026-04-12 07:27:14,2026-04-12,7,"This sports campaign is everything! Creative, inspiring and so well executed. #BreakingNews #Community #Trending",2098,301,583,23431,2982,12.73,positive,0.612,"#Lifestyle, #BrandCampaign, #Support, #Feedback",#Lifestyle #BrandCampaign #Support #Feedback,Sports,Regular,False,en
P0086,LinkedIn,2026-04-12 08:39:18,2026-04-12,8,Info session about sports – slides shared in comments. #Feedback,558,14,132,12618,704,5.58,neutral,0.067,"#Community, #Trending",#Community #Trending,Sports,Influencer,False,en
P0087,Facebook,2026-04-12 09:19:17,2026-04-12,9,Fantastic entertainment event today! Great speakers and networking opportunities. #Update,694,207,11,15187,912,6.01,positive,0.788,"#Trending, #SportsDay",#Trending #SportsDay,Entertainment,Regular,False,en
P0088,Facebook,2026-04-12 10:28:35,2026-04-12,10,"Attended the customer service webinar today. Covered basics, Q&A was decent. #TechLaunch",345,388,204,9164,937,10.22,neutral,0.199,"#Review, #Lifestyle, #BrandCampaign",#Review #Lifestyle #BrandCampaign,Customer Service,Regular,False,en
P0089,Facebook,2026-04-12 20:36:42,2026-04-12,20,"Checking out the new product launch update. Some interesting changes, still exploring. #Entertainment",1468,544,278,20474,2290,11.18,neutral,-0.292,"#Innovation, #CustomerLove, #BrandCampaign, #Event2026",#Innovation #CustomerLove #BrandCampaign #Event2026,Product Launch,Influencer,True,en
P0090,LinkedIn,2026-04-13 10:47:33,2026-04-13,10,Here's my unboxing of entertainment. First impressions in thread. #Event2026 #CustomerLove #Trending,564,23,15,11368,602,5.3,neutral,-0.098,"#Review, #TechLaunch, #Event2026, #Innovation",#Review #TechLaunch #Event2026 #Innovation,Entertainment,Regular,False,en
P0091,Facebook,2026-04-13 14:30:06,2026-04-13,14,Amazing experience with tech review – customer support went above and beyond. 5 stars! #Viral #BrandCampaign @support,1054,87,181,12386,1322,10.67,positive,0.882,"#MustHave, #Entertainment, #Support",#MustHave #Entertainment #Support,Tech Review,Regular,False,en
P0092,YouTube,2026-04-13 14:59:58,2026-04-13,14,Shoutout to the team behind news – you nailed it. Can't wait for what's next! #Innovation,1458,22,428,34674,1908,5.5,positive,0.893,"#BrandCampaign, #MustHave, #Quality, #Trending",#BrandCampaign #MustHave #Quality #Trending,News,Verified,True,en
P0093,YouTube,2026-04-13 17:35:01,2026-04-13,17,Update on marketing campaign: rollout scheduled next week across all regions. #Quality #Community #BreakingNews @official,1021,85,191,23034,1297,5.63,neutral,0.137,"#Feedback, #Review, #Entertainment, #SportsDay",#Feedback #Review #Entertainment #SportsDay,Marketing Campaign,Regular,False,en
P0094,Instagram,2026-04-13 18:55:41,2026-04-13,18,"Comparison: customer service vs competitors – specs, pricing and availability. #Review #Lifestyle @team",395,97,138,9986,630,6.31,neutral,-0.14,"#NewProduct, #MustHave, #Event2026, #Viral",#NewProduct #MustHave #Event2026 #Viral,Customer Service,Regular,False,en
P0095,LinkedIn,2026-04-14 10:40:34,2026-04-14,10,Update on marketing campaign: rollout scheduled next week across all regions. #SportsDay https://t.co/example123,131,46,54,3395,231,6.8,neutral,-0.142,"#Viral, #Lifestyle, #Trending, #Event2026",#Viral #Lifestyle #Trending #Event2026,Marketing Campaign,Brand,True,en
P0096,Instagram,2026-04-14 10:42:27,2026-04-14,10,"Just tried the new feature and I'm blown away. Clean UI, smooth performance! #SportsDay #Update #Event2026 @team",551,10,185,7407,746,10.07,positive,0.898,"#Trending, #SportsDay",#Trending #SportsDay,News,Regular,False,en
P0097,Facebook,2026-04-14 14:05:36,2026-04-14,14,My favorite marketing campaign ever. Worth every penny! #Entertainment,1524,523,51,29034,2098,7.23,positive,0.61,"#Viral, #Quality, #Event2026, #MustHave",#Viral #Quality #Event2026 #MustHave,Marketing Campaign,Influencer,True,en
P0098,Instagram,2026-04-14 15:22:22,2026-04-14,15,"Attended the tech review webinar today. Covered basics, Q&A was decent. #SportsDay #Feedback #NewProduct @brand",959,57,152,14319,1168,8.16,neutral,-0.347,"#Support, #NewProduct, #Trending, #Update",#Support #NewProduct #Trending #Update,Tech Review,Regular,False,en
P0099,LinkedIn,2026-04-14 15:27:06,2026-04-14,15,Amazing experience with lifestyle – customer support went above and beyond. 5 stars! #Review #Innovation #Update,483,146,97,15612,726,4.65,positive,0.674,#MustHave,#MustHave,Lifestyle,Regular,False,en
P0100,LinkedIn,2026-04-15 11:18:21,2026-04-15,11,Cancelled my order for customer service. Too many delays and poor communication. #Update,1644,244,357,20195,2245,11.12,negative,-0.681,"#Quality, #Innovation",#Quality #Innovation,Customer Service,Regular,False,en
P0101,Instagram,2026-04-15 12:04:40,2026-04-15,12,Shoutout to the team behind sports – you nailed it. Can't wait for what's next! #Lifestyle #Event2026 #BreakingNews @official,7606,573,272,160211,8451,5.27,positive,0.796,"#Quality, #Lifestyle, #Innovation, #Viral",#Quality #Lifestyle #Innovation #Viral,Sports,Verified,True,en
P0102,Facebook,2026-04-15 12:17:38,2026-04-15,12,The tech review event was chaotic and poorly organized. Waste of time. #Event2026 @support,552,221,291,15487,1064,6.87,negative,-0.787,#Community,#Community,Tech Review,Regular,False,en
P0103,Instagram,2026-04-16 01:44:21,2026-04-16,1,Not impressed by customer service – overpriced and underwhelming. Expected much better. #Review #TechLaunch #Entertainment https://t.co/example123,1331,190,368,23481,1889,8.04,negative,-0.909,"#Support, #MustHave",#Support #MustHave,Customer Service,Regular,False,en
P0104,LinkedIn,2026-04-16 14:00:39,2026-04-16,14,Update on entertainment: rollout scheduled next week across all regions. #Trending,169,44,24,6053,237,3.92,neutral,-0.19,"#Lifestyle, #BrandCampaign",#Lifestyle #BrandCampaign,Entertainment,Influencer,False,en
P0105,Instagram,2026-04-16 19:56:17,2026-04-16,19,Amazing experience with marketing campaign – customer support went above and beyond. 5 stars! #MustHave,444,25,96,9901,565,5.71,positive,0.698,"#Entertainment, #Lifestyle, #Sale, #SportsDay",#Entertainment #Lifestyle #Sale #SportsDay,Marketing Campaign,Influencer,True,en
P0106,Instagram,2026-04-17 15:38:46,2026-04-17,15,Fantastic tech review event today! Great speakers and networking opportunities. #Viral #NewProduct https://t.co/example123,1550,43,97,19608,1690,8.62,positive,0.727,#BreakingNews,#BreakingNews,Tech Review,Influencer,False,en
P0107,Facebook,2026-04-18 12:27:17,2026-04-18,12,Update on marketing campaign: rollout scheduled next week across all regions. #Feedback @official,365,264,182,12997,811,6.24,neutral,0.141,#TechLaunch,#TechLaunch,Marketing Campaign,Regular,False,en
P0108,YouTube,2026-04-18 13:25:05,2026-04-18,13,Not impressed by marketing campaign – overpriced and underwhelming. Expected much better. #Innovation @brand,550,280,688,5636,1518,26.93,negative,-0.799,"#Support, #Sale, #Event2026, #Viral",#Support #Sale #Event2026 #Viral,Marketing Campaign,Regular,False,en
P0109,Facebook,2026-04-18 16:03:19,2026-04-18,16,Amazing experience with marketing campaign – customer support went above and beyond. 5 stars! #Viral #BreakingNews @brand,446,89,279,11228,814,7.25,positive,0.77,#MustHave,#MustHave,Marketing Campaign,Regular,False,en
P0110,Instagram,2026-04-18 18:00:02,2026-04-18,18,Here's my unboxing of lifestyle. First impressions in thread. #SportsDay #Innovation,3537,245,352,35925,4134,11.51,neutral,-0.296,#BreakingNews,#BreakingNews,Lifestyle,Brand,True,en
P0111,LinkedIn,2026-04-18 19:00:23,2026-04-18,19,"Checking out the new product launch update. Some interesting changes, still exploring. #Quality https://t.co/example123",708,171,33,16581,912,5.5,neutral,-0.139,#Support,#Support,Product Launch,Brand,True,en
P0112,LinkedIn,2026-04-19 12:32:43,2026-04-19,12,Fantastic product launch event today! Great speakers and networking opportunities. #NewProduct @official,168,47,111,6041,326,5.4,positive,0.715,#Community,#Community,Product Launch,Regular,False,en
P0113,YouTube,2026-04-20 11:20:59,2026-04-20,11,Amazing experience with marketing campaign – customer support went above and beyond. 5 stars! #Lifestyle #Trending #BrandCampaign https://t.co/example123,1435,143,508,32265,2086,6.47,positive,0.946,"#BreakingNews, #Sale",#BreakingNews #Sale,Marketing Campaign,Brand,True,en
P0114,YouTube,2026-04-20 13:37:31,2026-04-20,13,Love how marketing campaign keeps innovating. Best update this quarter! #Update,861,22,486,17182,1369,7.97,positive,0.57,"#Community, #Sale, #BreakingNews",#Community #Sale #BreakingNews,Marketing Campaign,Regular,False,en
P0115,LinkedIn,2026-04-20 13:54:07,2026-04-20,13,Amazing experience with sports – customer support went above and beyond. 5 stars! #MustHave,222,36,101,3715,359,9.66,positive,0.582,"#Entertainment, #MustHave, #Sale",#Entertainment #MustHave #Sale,Sports,Regular,False,en
P0116,YouTube,2026-04-20 22:26:31,2026-04-20,22,Live from the tech review venue. Crowd size looks moderate. #TechLaunch #NewProduct #Event2026,452,7,557,5524,1016,18.39,neutral,0.207,"#Review, #Entertainment, #Support",#Review #Entertainment #Support,Tech Review,Brand,True,en
P0117,Twitter,2026-04-21 05:38:14,2026-04-21,5,Documenting my week with lifestyle. Day 3 observations. #Feedback #Quality #Update,558,132,164,14109,854,6.05,neutral,0.1,"#Trending, #Innovation, #SportsDay",#Trending #Innovation #SportsDay,Lifestyle,Regular,False,en
P0118,LinkedIn,2026-04-21 06:29:03,2026-04-21,6,Misleading advertising for customer service. What was promised vs delivered is very different. #TechLaunch https://t.co/example123,425,97,89,9020,611,6.77,negative,-0.557,"#Lifestyle, #BrandCampaign, #NewProduct, #Review",#Lifestyle #BrandCampaign #NewProduct #Review,Customer Service,Regular,False,en
P0119,Facebook,2026-04-21 07:28:46,2026-04-21,7,Love how customer service keeps innovating. Best update this quarter! #TechLaunch #Innovation @brand,517,187,168,7447,872,11.71,positive,0.87,#TechLaunch,#TechLaunch,Customer Service,Verified,True,en
P0120,Twitter,2026-04-21 08:06:51,2026-04-21,8,The lifestyle event was chaotic and poorly organized. Waste of time. #CustomerLove #Sale #Innovation https://t.co/example123,461,104,33,9829,598,6.08,negative,-0.963,"#MustHave, #Update, #Community, #BreakingNews",#MustHave #Update #Community #BreakingNews,Lifestyle,Brand,True,en
P0121,Facebook,2026-04-21 12:20:08,2026-04-21,12,"This marketing campaign campaign is everything! Creative, inspiring and so well executed. #Support",692,40,16,13109,748,5.71,positive,0.895,"#Trending, #Community, #Review",#Trending #Community #Review,Marketing Campaign,Regular,False,en
P0122,Twitter,2026-04-21 13:35:30,2026-04-21,13,Here's my unboxing of entertainment. First impressions in thread. #Innovation #MustHave https://t.co/example123,934,289,61,19504,1284,6.58,neutral,-0.329,"#Sale, #Quality",#Sale #Quality,Entertainment,Brand,True,en
P0123,Facebook,2026-04-21 14:21:58,2026-04-21,14,Shoutout to the team behind product launch – you nailed it. Can't wait for what's next! #Quality @brand https://t.co/example123,417,387,131,14032,935,6.66,positive,0.794,"#TechLaunch, #Support",#TechLaunch #Support,Product Launch,Brand,True,en
P0124,Twitter,2026-04-21 16:51:47,2026-04-21,16,Misleading advertising for lifestyle. What was promised vs delivered is very different. #CustomerLove #BreakingNews #Trending,258,86,28,5845,372,6.36,negative,-0.752,"#SportsDay, #BreakingNews",#SportsDay #BreakingNews,Lifestyle,Regular,False,en
P0125,YouTube,2026-04-21 20:39:14,2026-04-21,20,"Worst experience with entertainment customer service. Long wait, no resolution. #Sale #Event2026 @brand",1547,236,487,28029,2270,8.1,negative,-0.701,"#Community, #CustomerLove, #SportsDay, #NewProduct",#Community #CustomerLove #SportsDay #NewProduct,Entertainment,Brand,True,en
P0126,Instagram,2026-04-22 12:56:24,2026-04-22,12,"Just tried the new feature and I'm blown away. Clean UI, smooth performance! #MustHave @brand",3010,131,79,73965,3220,4.35,positive,0.713,"#Innovation, #Review, #BrandCampaign",#Innovation #Review #BrandCampaign,Marketing Campaign,Brand,True,en
P0127,Twitter,2026-04-23 11:06:03,2026-04-23,11,"Worst experience with customer service customer service. Long wait, no resolution. #Viral #SportsDay #CustomerLove @support",648,252,183,8717,1083,12.42,negative,-0.94,"#Update, #Event2026, #Innovation, #Sale",#Update #Event2026 #Innovation #Sale,Customer Service,Regular,False,en
P0128,Instagram,2026-04-23 13:43:27,2026-04-23,13,"This news campaign is everything! Creative, inspiring and so well executed. #MustHave @support",355,212,483,13201,1050,7.95,positive,0.679,"#Lifestyle, #CustomerLove",#Lifestyle #CustomerLove,News,Influencer,True,en
P0129,Instagram,2026-04-23 14:42:16,2026-04-23,14,Amazing experience with news – customer support went above and beyond. 5 stars! #Entertainment @official,1286,174,330,31213,1790,5.73,positive,0.734,"#Review, #Sale, #Trending, #Quality",#Review #Sale #Trending #Quality,News,Regular,False,en
P0130,LinkedIn,2026-04-23 15:37:48,2026-04-23,15,Love how marketing campaign keeps innovating. Best update this quarter! #Support #MustHave https://t.co/example123,107,31,66,5930,204,3.44,positive,0.942,"#Review, #Viral, #Lifestyle, #Update",#Review #Viral #Lifestyle #Update,Marketing Campaign,Brand,True,en
P0131,Twitter,2026-04-23 19:52:33,2026-04-23,19,Misleading advertising for entertainment. What was promised vs delivered is very different. #CustomerLove #Lifestyle #Review @official,289,230,122,6477,641,9.9,negative,-0.821,"#Community, #BreakingNews, #Update, #CustomerLove",#Community #BreakingNews #Update #CustomerLove,Entertainment,Regular,False,en
P0132,YouTube,2026-04-25 07:30:58,2026-04-25,7,The customer service event was chaotic and poorly organized. Waste of time. #Quality #Community #Event2026 @official,1590,322,506,35553,2418,6.8,negative,-0.937,"#CustomerLove, #Trending, #NewProduct, #BreakingNews",#CustomerLove #Trending #NewProduct #BreakingNews,Customer Service,Verified,True,en
P0133,Twitter,2026-04-25 19:52:03,2026-04-25,19,Avoid sports – quality control issues and no refund. #Innovation #Viral https://t.co/example123,523,55,61,8737,639,7.31,negative,-0.85,"#Entertainment, #Viral, #Quality, #Support",#Entertainment #Viral #Quality #Support,Sports,Regular,False,en
P0134,Facebook,2026-04-26 09:36:49,2026-04-26,9,Live from the customer service venue. Crowd size looks moderate. #Innovation,1508,160,395,40565,2063,5.09,neutral,-0.008,"#TechLaunch, #Trending, #CustomerLove",#TechLaunch #Trending #CustomerLove,Customer Service,Influencer,False,en
P0135,LinkedIn,2026-04-26 17:52:39,2026-04-26,17,Shoutout to the team behind tech review – you nailed it. Can't wait for what's next! #Innovation #Viral #Trending,140,230,561,4167,931,22.34,positive,0.726,"#MustHave, #Sale",#MustHave #Sale,Tech Review,Influencer,True,en
P0136,Twitter,2026-04-26 18:57:03,2026-04-26,18,Update on sports: rollout scheduled next week across all regions. #NewProduct #Innovation #Community,1152,96,201,14274,1449,10.15,neutral,-0.152,"#Entertainment, #Lifestyle, #Support",#Entertainment #Lifestyle #Support,Sports,Influencer,False,en
P0137,Instagram,2026-04-26 19:32:25,2026-04-26,19,"Comparison: marketing campaign vs competitors – specs, pricing and availability. #BreakingNews @brand",3117,210,33,42100,3360,7.98,neutral,-0.068,"#Innovation, #Feedback",#Innovation #Feedback,Marketing Campaign,Regular,False,en
P0138,Twitter,2026-04-27 13:07:30,2026-04-27,13,Live from the marketing campaign venue. Crowd size looks moderate. #Sale,269,228,221,4510,718,15.92,neutral,0.041,"#Innovation, #Community, #Sale",#Innovation #Community #Sale,Marketing Campaign,Brand,True,en
P0139,Twitter,2026-04-27 14:40:11,2026-04-27,14,Absolutely love the new customer service! The quality is outstanding and delivery was super fast. Highly recommend! #Lifestyle,717,200,138,15573,1055,6.77,positive,0.602,"#Lifestyle, #NewProduct, #SportsDay, #BrandCampaign",#Lifestyle #NewProduct #SportsDay #BrandCampaign,Customer Service,Regular,False,en
P0140,LinkedIn,2026-04-27 19:56:35,2026-04-27,19,Documenting my week with entertainment. Day 3 observations. #CustomerLove #Community #Entertainment @support,838,123,56,20912,1017,4.86,neutral,0.155,"#Feedback, #Support, #Sale, #SportsDay",#Feedback #Support #Sale #SportsDay,Entertainment,Influencer,True,en
P0141,YouTube,2026-04-28 11:18:29,2026-04-28,11,Update on sports: rollout scheduled next week across all regions. #Review,62,214,343,3750,619,16.51,neutral,-0.337,"#BrandCampaign, #CustomerLove",#BrandCampaign #CustomerLove,Sports,Brand,True,en
P0142,Facebook,2026-04-28 13:06:42,2026-04-28,13,"Checking out the new product launch update. Some interesting changes, still exploring. #Review #Viral #MustHave",129,314,29,1580,472,29.87,neutral,0.19,"#Lifestyle, #Entertainment, #TechLaunch, #Sale",#Lifestyle #Entertainment #TechLaunch #Sale,Product Launch,Regular,False,en
P0143,Facebook,2026-04-28 14:07:23,2026-04-28,14,"Checking out the new sports update. Some interesting changes, still exploring. #BreakingNews https://t.co/example123",1033,193,101,16733,1327,7.93,neutral,-0.256,#Community,#Community,Sports,Regular,False,en
P0144,Instagram,2026-04-28 14:46:23,2026-04-28,14,"This product launch campaign is everything! Creative, inspiring and so well executed. #Viral #Event2026 #Trending",770,152,91,18431,1013,5.5,positive,0.877,#CustomerLove,#CustomerLove,Product Launch,Regular,False,en
P0145,YouTube,2026-04-29 08:11:55,2026-04-29,8,Amazing experience with sports – customer support went above and beyond. 5 stars! #BrandCampaign #Review #Innovation,266,218,597,7339,1081,14.73,positive,0.588,"#Innovation, #MustHave, #CustomerLove",#Innovation #MustHave #CustomerLove,Sports,Regular,False,en
P0146,Instagram,2026-04-29 14:13:44,2026-04-29,14,This marketing campaign update broke everything. App keeps crashing now. Fix ASAP! #Support #Entertainment,1237,34,64,30078,1335,4.44,negative,-0.76,"#CustomerLove, #Update",#CustomerLove #Update,Marketing Campaign,Regular,False,en
P0147,Instagram,2026-04-29 14:31:07,2026-04-29,14,Info session about marketing campaign – slides shared in comments. #Event2026,732,31,223,21496,986,4.59,neutral,-0.309,#Lifestyle,#Lifestyle,Marketing Campaign,Regular,False,en
P0148,Twitter,2026-04-29 17:30:51,2026-04-29,17,Avoid lifestyle – quality control issues and no refund. #Innovation #BrandCampaign #Feedback https://t.co/example123,2424,26,465,46560,2915,6.26,negative,-0.797,"#Trending, #MustHave, #Innovation, #Event2026",#Trending #MustHave #Innovation #Event2026,Lifestyle,Regular,False,en
P0149,LinkedIn,2026-04-30 08:31:47,2026-04-30,8,"Just tried the new feature and I'm blown away. Clean UI, smooth performance! #Trending #Event2026 #BreakingNews @team",339,111,48,7203,498,6.91,positive,0.761,"#BrandCampaign, #Quality, #MustHave, #NewProduct",#BrandCampaign #Quality #MustHave #NewProduct,News,Brand,True,en
P0150,YouTube,2026-04-30 16:10:32,2026-04-30,16,Amazing experience with news – customer support went above and beyond. 5 stars! #BreakingNews #Quality @team https://t.co/example123,1482,227,547,25001,2256,9.02,positive,0.685,#TechLaunch,#TechLaunch,News,Regular,False,en
P0151,Facebook,2026-05-01 17:07:06,2026-05-01,17,"Just tried the new feature and I'm blown away. Clean UI, smooth performance! #MustHave #NewProduct #Feedback",216,319,160,9790,695,7.1,positive,0.786,"#NewProduct, #Update, #Quality, #Feedback",#NewProduct #Update #Quality #Feedback,Customer Service,Regular,False,en
P0152,LinkedIn,2026-05-02 16:12:13,2026-05-02,16,The customer service event was chaotic and poorly organized. Waste of time. #Sale #MustHave https://t.co/example123,408,109,79,8361,596,7.13,negative,-0.6,"#Update, #NewProduct, #Event2026",#Update #NewProduct #Event2026,Customer Service,Regular,False,en
P0153,Instagram,2026-05-02 17:11:46,2026-05-02,17,"This tech review campaign is everything! Creative, inspiring and so well executed. #TechLaunch #Support",4533,65,436,104553,5034,4.81,positive,0.728,"#Community, #Quality, #Support, #SportsDay",#Community #Quality #Support #SportsDay,Tech Review,Brand,True,en
P0154,LinkedIn,2026-05-02 20:25:13,2026-05-02,20,Absolutely love the new tech review! The quality is outstanding and delivery was super fast. Highly recommend! #Quality @team https://t.co/example123,313,142,68,6817,523,7.67,positive,0.822,"#Entertainment, #Review",#Entertainment #Review,Tech Review,Regular,False,en
P0155,Facebook,2026-05-03 08:24:09,2026-05-03,8,Cancelled my order for lifestyle. Too many delays and poor communication. #Quality #Community #Viral,630,427,451,12285,1508,12.28,negative,-0.923,"#Viral, #TechLaunch, #Support",#Viral #TechLaunch #Support,Lifestyle,Influencer,True,en
P0156,Twitter,2026-05-03 10:50:50,2026-05-03,10,Absolutely love the new lifestyle! The quality is outstanding and delivery was super fast. Highly recommend! #MustHave #Review,358,102,23,7757,483,6.23,positive,0.673,"#Update, #Trending",#Update #Trending,Lifestyle,Brand,True,en
P0157,Twitter,2026-05-03 12:50:45,2026-05-03,12,Live from the customer service venue. Crowd size looks moderate. #Lifestyle #CustomerLove @official,153,87,152,2494,392,15.72,neutral,0.04,"#Quality, #Community, #Update",#Quality #Community #Update,Customer Service,Regular,False,en
P0158,LinkedIn,2026-05-03 13:43:04,2026-05-03,13,"Just tried the new feature and I'm blown away. Clean UI, smooth performance! #MustHave #BreakingNews #Feedback",536,228,12,6346,776,12.23,positive,0.714,"#Entertainment, #Sale",#Entertainment #Sale,Lifestyle,Influencer,True,en
P0159,Instagram,2026-05-04 23:52:48,2026-05-04,23,"Attended the tech review webinar today. Covered basics, Q&A was decent. #BreakingNews #Entertainment",732,111,288,21604,1131,5.24,neutral,0.2,"#Entertainment, #Support, #Quality",#Entertainment #Support #Quality,Tech Review,Verified,True,en
P0160,YouTube,2026-05-08 14:18:57,2026-05-08,14,Fantastic product launch event today! Great speakers and networking opportunities. #Trending @official https://t.co/example123,1355,162,259,14824,1776,11.98,positive,0.653,"#Support, #Event2026, #MustHave",#Support #Event2026 #MustHave,Product Launch,Regular,False,en
P0161,Facebook,2026-05-08 17:02:05,2026-05-08,17,This sports update broke everything. App keeps crashing now. Fix ASAP! #Viral #Review #Entertainment,1131,283,8,13036,1422,10.91,negative,-0.908,"#BrandCampaign, #Lifestyle, #TechLaunch, #MustHave",#BrandCampaign #Lifestyle #TechLaunch #MustHave,Sports,Regular,False,en
P0162,Twitter,2026-05-09 07:47:37,2026-05-09,7,Documenting my week with marketing campaign. Day 3 observations. #NewProduct #TechLaunch https://t.co/example123,328,178,139,10255,645,6.29,neutral,0.052,#Event2026,#Event2026,Marketing Campaign,Brand,True,en
P0163,Twitter,2026-05-09 17:58:50,2026-05-09,17,The customer service event was chaotic and poorly organized. Waste of time. #TechLaunch #Quality #SportsDay https://t.co/example123,641,49,75,17226,765,4.44,negative,-0.855,"#Update, #Sale, #Lifestyle, #Community",#Update #Sale #Lifestyle #Community,Customer Service,Regular,False,en
P0164,LinkedIn,2026-05-10 10:53:16,2026-05-10,10,Fantastic sports event today! Great speakers and networking opportunities. #Update #BrandCampaign #Sale @official https://t.co/example123,159,33,7,5963,199,3.34,positive,0.926,"#SportsDay, #Event2026",#SportsDay #Event2026,Sports,Verified,True,en
P0165,Twitter,2026-05-10 11:04:57,2026-05-10,11,Update on marketing campaign: rollout scheduled next week across all regions. #BrandCampaign #Innovation #Review @team,1262,457,193,32149,1912,5.95,neutral,-0.312,"#Lifestyle, #BreakingNews, #Review",#Lifestyle #BreakingNews #Review,Marketing Campaign,Influencer,True,en
P0166,Instagram,2026-05-10 19:29:28,2026-05-10,19,Love how sports keeps innovating. Best update this quarter! #BreakingNews,3520,188,512,45799,4220,9.21,positive,0.801,"#Feedback, #Lifestyle, #NewProduct",#Feedback #Lifestyle #NewProduct,Sports,Influencer,True,en
P0167,Instagram,2026-05-11 15:34:30,2026-05-11,15,Not impressed by customer service – overpriced and underwhelming. Expected much better. #Support,653,142,110,11074,905,8.17,negative,-0.618,"#Community, #Entertainment, #CustomerLove, #Innovation",#Community #Entertainment #CustomerLove #Innovation,Customer Service,Regular,False,en
P0168,Facebook,2026-05-12 13:11:36,2026-05-12,13,Amazing experience with marketing campaign – customer support went above and beyond. 5 stars! #Feedback #Support @support,625,78,242,19181,945,4.93,positive,0.882,"#Support, #Lifestyle",#Support #Lifestyle,Marketing Campaign,Regular,False,en
P0169,Twitter,2026-05-14 10:08:36,2026-05-14,10,Documenting my week with customer service. Day 3 observations. #Review #Quality,181,190,157,3877,528,13.62,neutral,-0.245,"#Viral, #TechLaunch",#Viral #TechLaunch,Customer Service,Regular,False,en
P0170,Facebook,2026-05-14 11:46:43,2026-05-14,11,"Just tried the new feature and I'm blown away. Clean UI, smooth performance! #Event2026 #Quality https://t.co/example123",4289,2145,1918,73615,8352,11.35,positive,0.796,"#Event2026, #Lifestyle, #SportsDay, #Support",#Event2026 #Lifestyle #SportsDay #Support,Marketing Campaign,Influencer,True,en
P0171,Instagram,2026-05-14 14:08:28,2026-05-14,14,Amazing experience with lifestyle – customer support went above and beyond. 5 stars! #Innovation #Trending #BreakingNews,1029,131,447,23572,1607,6.82,positive,0.784,"#Quality, #Event2026, #TechLaunch",#Quality #Event2026 #TechLaunch,Lifestyle,Brand,True,en
P0172,YouTube,2026-05-14 19:02:41,2026-05-14,19,Shoutout to the team behind marketing campaign – you nailed it. Can't wait for what's next! #BreakingNews #CustomerLove,634,258,661,10024,1553,15.49,positive,0.704,"#Trending, #Quality, #MustHave",#Trending #Quality #MustHave,Marketing Campaign,Brand,True,en
P0173,Facebook,2026-05-15 09:30:49,2026-05-15,9,Documenting my week with product launch. Day 3 observations. #Quality,1428,292,252,17192,1972,11.47,neutral,0.104,#Viral,#Viral,Product Launch,Brand,True,en
P0174,YouTube,2026-05-15 13:44:10,2026-05-15,13,My favorite entertainment ever. Worth every penny! #Sale #Community @team,1336,65,505,37945,1906,5.02,positive,0.887,#BreakingNews,#BreakingNews,Entertainment,Brand,True,en
P0175,Instagram,2026-05-15 14:08:57,2026-05-15,14,"Attended the customer service webinar today. Covered basics, Q&A was decent. #Quality",908,138,268,20293,1314,6.48,neutral,-0.274,#BrandCampaign,#BrandCampaign,Customer Service,Regular,False,en
P0176,Twitter,2026-05-15 15:39:17,2026-05-15,15,Really disappointed with customer service. The product arrived damaged and support hasn't replied in 3 days. #Entertainment #NewProduct https://t.co/example123,746,8,150,18869,904,4.79,negative,-0.804,"#Community, #Innovation, #Event2026, #Viral",#Community #Innovation #Event2026 #Viral,Customer Service,Regular,False,en
P0177,Twitter,2026-05-16 06:24:59,2026-05-16,6,"Worst experience with entertainment customer service. Long wait, no resolution. #Event2026 #Viral @official https://t.co/example123",94,113,132,1498,339,22.63,negative,-0.716,#Event2026,#Event2026,Entertainment,Brand,True,en
P0178,YouTube,2026-05-17 10:00:10,2026-05-17,10,"Comparison: lifestyle vs competitors – specs, pricing and availability. #Support #Sale #Entertainment @support",724,305,938,16015,1967,12.28,neutral,0.312,#Feedback,#Feedback,Lifestyle,Brand,True,en
P0179,Instagram,2026-05-18 11:24:40,2026-05-18,11,Avoid customer service – quality control issues and no refund. #NewProduct,10960,667,1044,244209,12671,5.19,negative,-0.834,"#Community, #TechLaunch, #Quality, #Review",#Community #TechLaunch #Quality #Review,Customer Service,Influencer,False,en
P0180,Twitter,2026-05-18 15:16:11,2026-05-18,15,"Attended the lifestyle webinar today. Covered basics, Q&A was decent. #Sale #Update #Feedback @official https://t.co/example123",806,139,175,7010,1120,15.98,neutral,-0.073,"#MustHave, #Trending",#MustHave #Trending,Lifestyle,Brand,True,en
P0181,Instagram,2026-05-18 15:59:51,2026-05-18,15,Absolutely love the new sports! The quality is outstanding and delivery was super fast. Highly recommend! #Innovation,3126,22,276,35724,3424,9.58,positive,0.792,"#NewProduct, #Innovation, #Feedback, #Update",#NewProduct #Innovation #Feedback #Update,Sports,Brand,True,en
P0182,Twitter,2026-05-18 18:11:26,2026-05-18,18,This entertainment update broke everything. App keeps crashing now. Fix ASAP! #Innovation,306,235,49,8389,590,7.03,negative,-0.82,"#Entertainment, #Lifestyle, #Community, #Quality",#Entertainment #Lifestyle #Community #Quality,Entertainment,Regular,False,en
P0183,Instagram,2026-05-18 18:30:34,2026-05-18,18,Shoutout to the team behind product launch – you nailed it. Can't wait for what's next! #SportsDay #Support @support,2671,130,425,52111,3226,6.19,positive,0.568,"#CustomerLove, #Support",#CustomerLove #Support,Product Launch,Brand,True,en
P0184,Twitter,2026-05-18 20:30:20,2026-05-18,20,Update on tech review: rollout scheduled next week across all regions. #Trending,738,11,236,13841,985,7.12,neutral,-0.103,#Update,#Update,Tech Review,Brand,True,en
P0185,Instagram,2026-05-18 20:43:42,2026-05-18,20,This lifestyle update broke everything. App keeps crashing now. Fix ASAP! #Entertainment,897,65,386,15629,1348,8.62,negative,-0.58,"#Lifestyle, #Review, #Community",#Lifestyle #Review #Community,Lifestyle,Regular,False,en
P0186,Twitter,2026-05-18 21:21:23,2026-05-18,21,Really disappointed with sports. The product arrived damaged and support hasn't replied in 3 days. #Entertainment #Trending #Review @official https://t.co/example123,735,270,120,13298,1125,8.46,negative,-0.905,"#BreakingNews, #Innovation, #Quality",#BreakingNews #Innovation #Quality,Sports,Regular,False,en
P0187,Twitter,2026-05-19 16:29:40,2026-05-19,16,Shoutout to the team behind product launch – you nailed it. Can't wait for what's next! #NewProduct #Support,640,106,150,17429,896,5.14,positive,0.842,#Trending,#Trending,Product Launch,Regular,False,en
P0188,YouTube,2026-05-19 21:26:10,2026-05-19,21,Cancelled my order for marketing campaign. Too many delays and poor communication. #NewProduct @official,1388,355,132,15207,1875,12.33,negative,-0.799,"#Innovation, #MustHave, #Feedback, #Support",#Innovation #MustHave #Feedback #Support,Marketing Campaign,Influencer,True,en
P0189,Twitter,2026-05-20 05:42:22,2026-05-20,5,"Worst experience with tech review customer service. Long wait, no resolution. #Trending @support",1524,2048,1476,18914,5048,26.69,negative,-0.679,"#Lifestyle, #Event2026, #Support, #SportsDay",#Lifestyle #Event2026 #Support #SportsDay,Tech Review,Influencer,False,en
P0190,Instagram,2026-05-20 11:00:33,2026-05-20,11,Misleading advertising for news. What was promised vs delivered is very different. #Quality #Update @brand,2186,514,903,50194,3603,7.18,negative,-0.578,"#Viral, #Innovation, #Lifestyle",#Viral #Innovation #Lifestyle,News,Regular,False,en
P0191,LinkedIn,2026-05-20 19:14:16,2026-05-20,19,"Just tried the new feature and I'm blown away. Clean UI, smooth performance! #Update",1771,303,264,34997,2338,6.68,positive,0.554,"#Trending, #BreakingNews, #SportsDay, #Event2026",#Trending #BreakingNews #SportsDay #Event2026,Marketing Campaign,Regular,False,en
P0192,Twitter,2026-05-21 10:01:09,2026-05-21,10,The tech review event was chaotic and poorly organized. Waste of time. #BrandCampaign @official https://t.co/example123,298,150,169,9652,617,6.39,negative,-0.716,"#Event2026, #MustHave, #Innovation, #Quality",#Event2026 #MustHave #Innovation #Quality,Tech Review,Regular,False,en
P0193,Twitter,2026-05-22 13:49:06,2026-05-22,13,"Checking out the new marketing campaign update. Some interesting changes, still exploring. #BreakingNews",501,97,52,11141,650,5.83,neutral,-0.3,"#CustomerLove, #Entertainment",#CustomerLove #Entertainment,Marketing Campaign,Regular,False,en
P0194,Twitter,2026-05-22 17:02:21,2026-05-22,17,Amazing experience with product launch – customer support went above and beyond. 5 stars! #TechLaunch,752,229,189,7923,1170,14.77,positive,0.666,"#Quality, #Feedback, #MustHave",#Quality #Feedback #MustHave,Product Launch,Regular,False,en
P0195,Instagram,2026-05-23 16:20:00,2026-05-23,16,"Attended the tech review webinar today. Covered basics, Q&A was decent. #Quality #Sale @brand",1964,62,464,22178,2490,11.23,neutral,-0.132,"#Review, #BreakingNews",#Review #BreakingNews,Tech Review,Regular,False,en
P0196,Twitter,2026-05-23 16:44:34,2026-05-23,16,"Attended the lifestyle webinar today. Covered basics, Q&A was decent. #SportsDay",100,396,286,4242,782,18.43,neutral,-0.18,"#CustomerLove, #Event2026, #Feedback",#CustomerLove #Event2026 #Feedback,Lifestyle,Influencer,False,en
P0197,Twitter,2026-05-24 10:11:34,2026-05-24,10,Documenting my week with tech review. Day 3 observations. #Lifestyle #Innovation,375,229,190,5424,794,14.64,neutral,0.101,"#Update, #Sale, #Event2026, #Quality",#Update #Sale #Event2026 #Quality,Tech Review,Regular,False,en
P0198,Facebook,2026-05-24 10:31:12,2026-05-24,10,Live from the entertainment venue. Crowd size looks moderate. #Review https://t.co/example123,345,323,149,9567,817,8.54,neutral,0.186,"#SportsDay, #CustomerLove",#SportsDay #CustomerLove,Entertainment,Regular,False,en
P0199,Twitter,2026-05-24 18:03:23,2026-05-24,18,"Attended the entertainment webinar today. Covered basics, Q&A was decent. #Entertainment",451,48,153,11728,652,5.56,neutral,0.141,#MustHave,#MustHave,Entertainment,Influencer,True,en
P0200,Instagram,2026-05-24 18:15:20,2026-05-24,18,Misleading advertising for news. What was promised vs delivered is very different. #Feedback #MustHave #TechLaunch,506,196,124,13554,826,6.09,negative,-0.587,"#TechLaunch, #Feedback",#TechLaunch #Feedback,News,Regular,False,en
P0201,YouTube,2026-05-25 15:35:26,2026-05-25,15,This entertainment update broke everything. App keeps crashing now. Fix ASAP! #Review #Event2026 #BreakingNews https://t.co/example123,1459,19,106,25441,1584,6.23,negative,-0.955,"#Community, #SportsDay",#Community #SportsDay,Entertainment,Brand,True,en
P0202,Facebook,2026-05-26 19:20:38,2026-05-26,19,Live from the sports venue. Crowd size looks moderate. #SportsDay #Update #MustHave,388,152,155,12989,695,5.35,neutral,-0.051,"#Feedback, #Viral, #Community",#Feedback #Viral #Community,Sports,Influencer,True,en
P0203,LinkedIn,2026-05-27 07:33:02,2026-05-27,7,Live from the customer service venue. Crowd size looks moderate. #Viral #Review https://t.co/example123,648,35,161,8571,844,9.85,neutral,0.162,#Trending,#Trending,Customer Service,Influencer,True,en
P0204,Facebook,2026-05-27 12:05:25,2026-05-27,12,"Just tried the new feature and I'm blown away. Clean UI, smooth performance! #Sale #Trending @official https://t.co/example123",834,238,299,20753,1371,6.61,positive,0.572,#Update,#Update,Sports,Regular,False,en
P0205,Instagram,2026-05-27 14:36:59,2026-05-27,14,Really disappointed with entertainment. The product arrived damaged and support hasn't replied in 3 days. #Lifestyle #Sale #TechLaunch @support https://t.co/example123,2485,137,13,24695,2635,10.67,negative,-0.871,"#TechLaunch, #Innovation, #Update",#TechLaunch #Innovation #Update,Entertainment,Brand,True,en
P0206,Facebook,2026-05-27 18:11:31,2026-05-27,18,Update on customer service: rollout scheduled next week across all regions. #Community,781,308,132,13814,1221,8.84,neutral,-0.253,#NewProduct,#NewProduct,Customer Service,Regular,False,en
P0207,Instagram,2026-05-29 17:27:23,2026-05-29,17,"Just tried the new feature and I'm blown away. Clean UI, smooth performance! #BrandCampaign @team",2208,222,392,35509,2822,7.95,positive,0.635,#Review,#Review,Marketing Campaign,Brand,True,en
P0208,Instagram,2026-05-29 18:15:39,2026-05-29,18,Info session about sports – slides shared in comments. #BreakingNews @official https://t.co/example123,773,94,325,18200,1192,6.55,neutral,0.189,#Review,#Review,Sports,Regular,False,en
P0209,YouTube,2026-05-30 15:42:33,2026-05-30,15,"Comparison: lifestyle vs competitors – specs, pricing and availability. #Update",1345,175,46,25922,1566,6.04,neutral,-0.272,"#Event2026, #Lifestyle, #TechLaunch, #Trending",#Event2026 #Lifestyle #TechLaunch #Trending,Lifestyle,Regular,False,en
P0210,Twitter,2026-05-31 19:34:05,2026-05-31,19,Fantastic marketing campaign event today! Great speakers and networking opportunities. #Innovation #Feedback #Review @team https://t.co/example123,297,32,122,2921,451,15.44,positive,0.85,"#Support, #Review, #NewProduct, #Quality",#Support #Review #NewProduct #Quality,Marketing Campaign,Regular,False,en
P0211,YouTube,2026-06-01 17:57:33,2026-06-01,17,Misleading advertising for tech review. What was promised vs delivered is very different. #NewProduct #MustHave #Update @support,2078,473,576,28429,3127,11.0,negative,-0.698,"#Lifestyle, #Sale",#Lifestyle #Sale,Tech Review,Regular,False,en
P0212,Twitter,2026-06-01 19:52:01,2026-06-01,19,Really disappointed with news. The product arrived damaged and support hasn't replied in 3 days. #Feedback #Event2026 https://t.co/example123,531,280,204,11906,1015,8.53,negative,-0.963,"#CustomerLove, #Innovation, #Trending",#CustomerLove #Innovation #Trending,News,Influencer,False,en
P0213,YouTube,2026-06-02 19:26:26,2026-06-02,19,Not impressed by entertainment – overpriced and underwhelming. Expected much better. #NewProduct https://t.co/example123,363,86,79,13441,528,3.93,negative,-0.918,#NewProduct,#NewProduct,Entertainment,Verified,True,en
P0214,Instagram,2026-06-03 10:24:31,2026-06-03,10,"Just tried the new feature and I'm blown away. Clean UI, smooth performance! #BreakingNews #Event2026 #TechLaunch",187,200,323,7953,710,8.93,positive,0.607,"#Lifestyle, #Support, #Quality, #Feedback",#Lifestyle #Support #Quality #Feedback,Lifestyle,Regular,False,en
P0215,Instagram,2026-06-03 13:02:38,2026-06-03,13,"Just tried the new feature and I'm blown away. Clean UI, smooth performance! #SportsDay",141,74,221,3776,436,11.55,positive,0.879,"#NewProduct, #MustHave, #BreakingNews, #Viral",#NewProduct #MustHave #BreakingNews #Viral,Marketing Campaign,Regular,False,en
P0216,Facebook,2026-06-04 12:48:40,2026-06-04,12,My favorite entertainment ever. Worth every penny! #CustomerLove #BreakingNews,1466,361,31,36079,1858,5.15,positive,0.954,#Update,#Update,Entertainment,Brand,True,en
P0217,YouTube,2026-06-05 18:57:44,2026-06-05,18,Absolutely love the new tech review! The quality is outstanding and delivery was super fast. Highly recommend! #Support #Lifestyle #MustHave,625,123,180,15536,928,5.97,positive,0.681,#SportsDay,#SportsDay,Tech Review,Regular,False,en
P0218,Instagram,2026-06-06 17:46:50,2026-06-06,17,Update on entertainment: rollout scheduled next week across all regions. #SportsDay #Review @team,3495,261,158,77628,3914,5.04,neutral,-0.225,#Support,#Support,Entertainment,Regular,False,en
P0219,YouTube,2026-06-06 21:00:39,2026-06-06,21,"This marketing campaign campaign is everything! Creative, inspiring and so well executed. #CustomerLove #Viral #Sale @team",1016,208,228,14392,1452,10.09,positive,0.88,"#Review, #Lifestyle",#Review #Lifestyle,Marketing Campaign,Regular,False,en
P0220,LinkedIn,2026-06-07 05:40:50,2026-06-07,5,Info session about lifestyle – slides shared in comments. #SportsDay #BreakingNews,377,35,80,12928,492,3.81,neutral,-0.168,#Review,#Review,Lifestyle,Regular,False,en
P0221,Facebook,2026-06-07 11:46:43,2026-06-07,11,"This product launch campaign is everything! Creative, inspiring and so well executed. #MustHave #Update #NewProduct",1314,327,29,19712,1670,8.47,positive,0.909,#Support,#Support,Product Launch,Brand,True,en
P0222,Twitter,2026-06-07 12:46:36,2026-06-07,12,Misleading advertising for tech review. What was promised vs delivered is very different. #Sale @official,770,146,6,13087,922,7.05,negative,-0.802,#NewProduct,#NewProduct,Tech Review,Brand,True,en
P0223,LinkedIn,2026-06-07 17:38:59,2026-06-07,17,"Just tried the new feature and I'm blown away. Clean UI, smooth performance! #Entertainment #CustomerLove #Review",296,86,69,10513,451,4.29,positive,0.849,#Quality,#Quality,Customer Service,Regular,False,en
P0224,LinkedIn,2026-06-07 18:48:27,2026-06-07,18,"This lifestyle campaign is everything! Creative, inspiring and so well executed. #Community #Feedback https://t.co/example123",197,43,88,8222,328,3.99,positive,0.597,"#NewProduct, #Feedback, #Trending",#NewProduct #Feedback #Trending,Lifestyle,Regular,False,en
P0225,LinkedIn,2026-06-07 19:42:36,2026-06-07,19,Misleading advertising for product launch. What was promised vs delivered is very different. #Update #Entertainment #CustomerLove @brand,1109,299,110,10876,1518,13.96,negative,-0.746,#Lifestyle,#Lifestyle,Product Launch,Regular,False,en
P0226,Instagram,2026-06-08 13:02:06,2026-06-08,13,"Checking out the new news update. Some interesting changes, still exploring. #Trending #Support @official",865,39,356,12060,1260,10.45,neutral,0.193,#NewProduct,#NewProduct,News,Brand,True,en
P0227,Instagram,2026-06-08 17:20:45,2026-06-08,17,Live from the product launch venue. Crowd size looks moderate. #Update #SportsDay,1528,21,86,24703,1635,6.62,neutral,0.21,#Sale,#Sale,Product Launch,Regular,False,en
P0228,Twitter,2026-06-08 20:09:12,2026-06-08,20,Not impressed by entertainment – overpriced and underwhelming. Expected much better. #CustomerLove #Entertainment,329,115,137,7026,581,8.27,negative,-0.82,#Quality,#Quality,Entertainment,Regular,False,en
P0229,Instagram,2026-06-09 15:35:20,2026-06-09,15,Cancelled my order for lifestyle. Too many delays and poor communication. #Review #Innovation @official https://t.co/example123,901,54,156,18776,1111,5.92,negative,-0.705,#Entertainment,#Entertainment,Lifestyle,Regular,False,en
P0230,Twitter,2026-06-09 18:45:48,2026-06-09,18,My favorite lifestyle ever. Worth every penny! #CustomerLove #Review #Trending @team,916,371,24,11229,1311,11.68,positive,0.684,"#Event2026, #Feedback, #Sale, #NewProduct",#Event2026 #Feedback #Sale #NewProduct,Lifestyle,Influencer,False,en
P0231,Instagram,2026-06-09 18:56:20,2026-06-09,18,"Just tried the new feature and I'm blown away. Clean UI, smooth performance! #Lifestyle",764,193,268,20662,1225,5.93,positive,0.895,"#Trending, #SportsDay, #NewProduct",#Trending #SportsDay #NewProduct,News,Influencer,True,en
P0232,Instagram,2026-06-10 14:42:03,2026-06-10,14,Info session about entertainment – slides shared in comments. #Update #Review https://t.co/example123,9132,189,197,210972,9518,4.51,neutral,0.201,"#BrandCampaign, #Review, #Trending, #NewProduct",#BrandCampaign #Review #Trending #NewProduct,Entertainment,Brand,True,en
P0233,Twitter,2026-06-10 20:03:00,2026-06-10,20,Misleading advertising for marketing campaign. What was promised vs delivered is very different. #Feedback #BrandCampaign,1606,1349,479,31973,3434,10.74,negative,-0.706,"#Lifestyle, #Sale, #CustomerLove, #Feedback",#Lifestyle #Sale #CustomerLove #Feedback,Marketing Campaign,Brand,True,en
P0234,Twitter,2026-06-10 22:24:04,2026-06-10,22,"Attended the news webinar today. Covered basics, Q&A was decent. #Update #MustHave",973,655,75,13372,1703,12.74,neutral,0.242,"#Update, #SportsDay",#Update #SportsDay,News,Regular,False,en
P0235,Facebook,2026-06-10 23:42:08,2026-06-10,23,"Just tried the new feature and I'm blown away. Clean UI, smooth performance! #SportsDay #Quality #Lifestyle @team",2790,619,521,63055,3930,6.23,positive,0.563,"#Viral, #Lifestyle, #Sale",#Viral #Lifestyle #Sale,Sports,Regular,False,en
P0236,Twitter,2026-06-11 14:39:05,2026-06-11,14,Info session about lifestyle – slides shared in comments. #BrandCampaign #Lifestyle #Support,58,295,126,2029,479,23.61,neutral,-0.093,"#MustHave, #Support, #BrandCampaign",#MustHave #Support #BrandCampaign,Lifestyle,Regular,False,en
P0237,Twitter,2026-06-11 16:36:31,2026-06-11,16,Fantastic customer service event today! Great speakers and networking opportunities. #SportsDay #MustHave #Support,254,76,60,9069,390,4.3,positive,0.931,"#Feedback, #BreakingNews, #SportsDay, #Viral",#Feedback #BreakingNews #SportsDay #Viral,Customer Service,Influencer,False,en
P0238,Twitter,2026-06-13 17:36:16,2026-06-13,17,Avoid customer service – quality control issues and no refund. #NewProduct #Viral #Feedback,593,444,8,17358,1045,6.02,negative,-0.731,"#SportsDay, #CustomerLove, #Sale",#SportsDay #CustomerLove #Sale,Customer Service,Influencer,True,en
P0239,Twitter,2026-06-14 17:11:20,2026-06-14,17,Update on sports: rollout scheduled next week across all regions. #Community #Trending #MustHave,299,176,72,5589,547,9.79,neutral,0.293,"#Support, #NewProduct",#Support #NewProduct,Sports,Verified,True,en
P0240,Instagram,2026-06-14 17:22:03,2026-06-14,17,Here's my unboxing of marketing campaign. First impressions in thread. #Viral #Trending @team,3136,18,259,32548,3413,10.49,neutral,-0.011,"#Entertainment, #Community",#Entertainment #Community,Marketing Campaign,Regular,False,en
P0241,Instagram,2026-06-14 20:47:09,2026-06-14,20,"Attended the marketing campaign webinar today. Covered basics, Q&A was decent. #Innovation #Lifestyle",427,174,577,5308,1178,22.19,neutral,-0.146,"#TechLaunch, #Review, #SportsDay",#TechLaunch #Review #SportsDay,Marketing Campaign,Influencer,False,en
P0242,Facebook,2026-06-14 21:43:02,2026-06-14,21,Documenting my week with customer service. Day 3 observations. #Innovation #Lifestyle,1005,392,277,18186,1674,9.2,neutral,-0.017,"#MustHave, #Trending, #NewProduct",#MustHave #Trending #NewProduct,Customer Service,Regular,False,en
P0243,Instagram,2026-06-15 09:40:00,2026-06-15,9,Not impressed by product launch – overpriced and underwhelming. Expected much better. #Innovation #Review @brand,2391,135,130,52000,2656,5.11,negative,-0.903,"#MustHave, #TechLaunch, #Quality",#MustHave #TechLaunch #Quality,Product Launch,Regular,False,en
P0244,LinkedIn,2026-06-15 11:03:24,2026-06-15,11,Update on marketing campaign: rollout scheduled next week across all regions. #BrandCampaign #MustHave,204,30,91,4727,325,6.88,neutral,0.104,"#NewProduct, #Innovation, #SportsDay, #BrandCampaign",#NewProduct #Innovation #SportsDay #BrandCampaign,Marketing Campaign,Regular,False,en
P0245,YouTube,2026-06-15 12:19:25,2026-06-15,12,Documenting my week with entertainment. Day 3 observations. #BrandCampaign #Update @team,1216,5,537,31884,1758,5.51,neutral,0.283,"#Review, #Community, #Update, #Feedback",#Review #Community #Update #Feedback,Entertainment,Regular,False,en
P0246,Instagram,2026-06-15 17:07:05,2026-06-15,17,Shoutout to the team behind product launch – you nailed it. Can't wait for what's next! #Entertainment #CustomerLove @brand https://t.co/example123,656,234,309,14261,1199,8.41,positive,0.592,"#Event2026, #Review",#Event2026 #Review,Product Launch,Brand,True,en
P0247,Twitter,2026-06-16 17:08:02,2026-06-16,17,Really disappointed with customer service. The product arrived damaged and support hasn't replied in 3 days. #Entertainment #Sale,798,153,168,12618,1119,8.87,negative,-0.834,"#Quality, #BrandCampaign, #MustHave",#Quality #BrandCampaign #MustHave,Customer Service,Regular,False,en
P0248,Twitter,2026-06-16 18:42:33,2026-06-16,18,Absolutely love the new tech review! The quality is outstanding and delivery was super fast. Highly recommend! #CustomerLove #NewProduct https://t.co/example123,335,260,139,7504,734,9.78,positive,0.782,#Entertainment,#Entertainment,Tech Review,Regular,False,en
P0249,Instagram,2026-06-17 16:53:37,2026-06-17,16,Absolutely love the new marketing campaign! The quality is outstanding and delivery was super fast. Highly recommend! #Lifestyle @brand,856,169,447,10708,1472,13.75,positive,0.581,#MustHave,#MustHave,Marketing Campaign,Brand,True,en
P0250,Twitter,2026-06-17 17:35:10,2026-06-17,17,This customer service update broke everything. App keeps crashing now. Fix ASAP! #Community @brand https://t.co/example123,544,473,463,9162,1480,16.15,negative,-0.715,"#Viral, #SportsDay",#Viral #SportsDay,Customer Service,Regular,False,en
P0251,Instagram,2026-06-19 08:03:59,2026-06-19,8,Here's my unboxing of news. First impressions in thread. #CustomerLove @official,1134,42,111,30157,1287,4.27,neutral,-0.157,"#Innovation, #NewProduct, #MustHave, #CustomerLove",#Innovation #NewProduct #MustHave #CustomerLove,News,Brand,True,en
P0252,Instagram,2026-06-19 10:40:17,2026-06-19,10,"Checking out the new product launch update. Some interesting changes, still exploring. #SportsDay",1620,45,18,37921,1683,4.44,neutral,0.093,"#Viral, #Quality, #Lifestyle",#Viral #Quality #Lifestyle,Product Launch,Regular,False,en
P0253,Instagram,2026-06-19 12:48:34,2026-06-19,12,Love how entertainment keeps innovating. Best update this quarter! #TechLaunch #Update @brand,817,188,265,10637,1270,11.94,positive,0.847,#Event2026,#Event2026,Entertainment,Regular,False,en
P0254,YouTube,2026-06-20 13:10:48,2026-06-20,13,Update on marketing campaign: rollout scheduled next week across all regions. #NewProduct @brand,1125,54,669,18687,1848,9.89,neutral,-0.225,#MustHave,#MustHave,Marketing Campaign,Regular,False,en
P0255,Instagram,2026-06-20 13:31:03,2026-06-20,13,"Just tried the new feature and I'm blown away. Clean UI, smooth performance! #NewProduct #BreakingNews #Review @brand https://t.co/example123",1898,343,430,37596,2671,7.1,positive,0.6,"#Entertainment, #Trending, #BreakingNews, #BrandCampaign",#Entertainment #Trending #BreakingNews #BrandCampaign,Marketing Campaign,Brand,True,en
P0256,Instagram,2026-06-20 15:57:59,2026-06-20,15,The lifestyle event was chaotic and poorly organized. Waste of time. #Quality #Entertainment #Event2026,1737,339,656,26763,2732,10.21,negative,-0.706,"#BreakingNews, #Event2026, #NewProduct, #Viral",#BreakingNews #Event2026 #NewProduct #Viral,Lifestyle,Influencer,True,en
P0257,Instagram,2026-06-21 12:41:35,2026-06-21,12,Absolutely love the new lifestyle! The quality is outstanding and delivery was super fast. Highly recommend! #Feedback #CustomerLove #Review,3221,212,162,34960,3595,10.28,positive,0.957,#Feedback,#Feedback,Lifestyle,Regular,False,en
P0258,Twitter,2026-06-21 12:44:21,2026-06-21,12,The customer service event was chaotic and poorly organized. Waste of time. #Feedback,604,17,119,14423,740,5.13,negative,-0.91,#BrandCampaign,#BrandCampaign,Customer Service,Regular,False,en
P0259,Facebook,2026-06-21 13:34:43,2026-06-21,13,Love how tech review keeps innovating. Best update this quarter! #Support #Viral @brand,1009,387,112,17760,1508,8.49,positive,0.782,"#Quality, #Support, #Community, #Review",#Quality #Support #Community #Review,Tech Review,Regular,False,en
P0260,Twitter,2026-06-21 21:08:22,2026-06-21,21,Fantastic product launch event today! Great speakers and networking opportunities. #Review #MustHave https://t.co/example123,771,263,11,20541,1045,5.09,positive,0.976,#Viral,#Viral,Product Launch,Regular,False,en
P0261,YouTube,2026-06-23 16:50:20,2026-06-23,16,This product launch update broke everything. App keeps crashing now. Fix ASAP! #TechLaunch https://t.co/example123,750,112,464,8388,1326,15.81,negative,-0.747,"#Viral, #Community, #NewProduct",#Viral #Community #NewProduct,Product Launch,Regular,False,en
P0262,LinkedIn,2026-06-23 17:31:09,2026-06-23,17,Amazing experience with lifestyle – customer support went above and beyond. 5 stars! #SportsDay #Sale https://t.co/example123,82,50,116,2519,248,9.85,positive,0.84,"#Innovation, #Review",#Innovation #Review,Lifestyle,Regular,False,en
P0263,Instagram,2026-06-24 12:07:46,2026-06-24,12,Love how product launch keeps innovating. Best update this quarter! #Sale #Quality #Event2026,1956,86,89,20122,2131,10.59,positive,0.613,"#Community, #MustHave",#Community #MustHave,Product Launch,Regular,False,en
P0264,YouTube,2026-06-24 15:10:34,2026-06-24,15,"This marketing campaign campaign is everything! Creative, inspiring and so well executed. #Update",1216,37,461,22484,1714,7.62,positive,0.977,"#Lifestyle, #Feedback, #MustHave",#Lifestyle #Feedback #MustHave,Marketing Campaign,Regular,False,en
P0265,Instagram,2026-06-24 17:18:11,2026-06-24,17,Live from the news venue. Crowd size looks moderate. #CustomerLove #Lifestyle,1335,48,143,23991,1526,6.36,neutral,0.279,"#Event2026, #SportsDay",#Event2026 #SportsDay,News,Regular,False,en
P0266,Facebook,2026-06-25 09:29:56,2026-06-25,9,Avoid tech review – quality control issues and no refund. #Review #Feedback #Support https://t.co/example123,770,307,251,18282,1328,7.26,negative,-0.768,"#SportsDay, #Community, #CustomerLove",#SportsDay #Community #CustomerLove,Tech Review,Regular,False,en
P0267,Facebook,2026-06-25 13:31:58,2026-06-25,13,Avoid marketing campaign – quality control issues and no refund. #TechLaunch https://t.co/example123,648,309,160,19485,1117,5.73,negative,-0.856,"#Quality, #Review, #Sale",#Quality #Review #Sale,Marketing Campaign,Regular,False,en
P0268,Instagram,2026-06-25 13:35:29,2026-06-25,13,This marketing campaign update broke everything. App keeps crashing now. Fix ASAP! #Quality #Support https://t.co/example123,846,201,410,9636,1457,15.12,negative,-0.798,"#BrandCampaign, #TechLaunch, #Viral, #Innovation",#BrandCampaign #TechLaunch #Viral #Innovation,Marketing Campaign,Brand,True,en
P0269,Instagram,2026-06-25 15:28:43,2026-06-25,15,"Attended the product launch webinar today. Covered basics, Q&A was decent. #CustomerLove #Entertainment https://t.co/example123",1725,163,122,40877,2010,4.92,neutral,-0.134,"#Entertainment, #TechLaunch, #BrandCampaign",#Entertainment #TechLaunch #BrandCampaign,Product Launch,Regular,False,en
P0270,Facebook,2026-06-25 17:44:23,2026-06-25,17,Amazing experience with sports – customer support went above and beyond. 5 stars! #Entertainment #SportsDay #Review https://t.co/example123,759,34,153,17241,946,5.49,positive,0.73,"#NewProduct, #Sale, #Innovation",#NewProduct #Sale #Innovation,Sports,Regular,False,en
P0271,Facebook,2026-06-25 18:26:51,2026-06-25,18,Documenting my week with customer service. Day 3 observations. #Trending #Feedback @official,1077,38,189,22751,1304,5.73,neutral,-0.007,"#Update, #BrandCampaign, #Entertainment, #MustHave",#Update #BrandCampaign #Entertainment #MustHave,Customer Service,Verified,True,en
P0272,Twitter,2026-06-26 13:04:07,2026-06-26,13,Amazing experience with sports – customer support went above and beyond. 5 stars! #Lifestyle,521,328,140,10713,989,9.23,positive,0.773,#Viral,#Viral,Sports,Brand,True,en
P0273,Instagram,2026-06-27 08:31:07,2026-06-27,8,The marketing campaign event was chaotic and poorly organized. Waste of time. #NewProduct @brand,2287,158,166,56752,2611,4.6,negative,-0.902,"#Feedback, #Sale, #Update, #CustomerLove",#Feedback #Sale #Update #CustomerLove,Marketing Campaign,Regular,False,en
P0274,Instagram,2026-06-27 09:25:44,2026-06-27,9,Amazing experience with news – customer support went above and beyond. 5 stars! #Feedback #SportsDay @team,5259,243,353,111985,5855,5.23,positive,0.97,"#MustHave, #Support, #BrandCampaign, #Review",#MustHave #Support #BrandCampaign #Review,News,Influencer,True,en
P0275,LinkedIn,2026-06-27 10:22:01,2026-06-27,10,Not impressed by customer service – overpriced and underwhelming. Expected much better. #TechLaunch #Review,230,349,121,4034,700,17.35,negative,-0.654,"#Community, #Entertainment",#Community #Entertainment,Customer Service,Regular,False,en
P0276,Twitter,2026-06-27 20:54:45,2026-06-27,20,Absolutely love the new lifestyle! The quality is outstanding and delivery was super fast. Highly recommend! #Entertainment #Event2026 #Sale @brand,532,128,132,6131,792,12.92,positive,0.619,#Entertainment,#Entertainment,Lifestyle,Verified,True,en
P0277,LinkedIn,2026-06-27 22:27:44,2026-06-27,22,Shoutout to the team behind product launch – you nailed it. Can't wait for what's next! #Review @support,467,135,99,9816,701,7.14,positive,0.706,"#Lifestyle, #Entertainment, #Event2026",#Lifestyle #Entertainment #Event2026,Product Launch,Regular,False,en
P0278,Twitter,2026-06-29 14:09:49,2026-06-29,14,Misleading advertising for marketing campaign. What was promised vs delivered is very different. #Community #Event2026 #Innovation,433,67,62,13181,562,4.26,negative,-0.834,"#Feedback, #Quality, #Trending, #Community",#Feedback #Quality #Trending #Community,Marketing Campaign,Regular,False,en
P0279,Instagram,2026-06-29 16:33:49,2026-06-29,16,Info session about customer service – slides shared in comments. #TechLaunch #SportsDay #Trending,631,12,60,6237,703,11.27,neutral,0.09,"#Event2026, #Review, #BrandCampaign",#Event2026 #Review #BrandCampaign,Customer Service,Regular,False,en
P0280,Instagram,2026-06-30 06:11:35,2026-06-30,6,"Checking out the new news update. Some interesting changes, still exploring. #Viral https://t.co/example123",1151,143,185,33252,1479,4.45,neutral,-0.007,"#NewProduct, #Trending, #MustHave, #Update",#NewProduct #Trending #MustHave #Update,News,Regular,False,en
P0281,Facebook,2026-06-30 10:19:37,2026-06-30,10,Absolutely love the new sports! The quality is outstanding and delivery was super fast. Highly recommend! #NewProduct #Trending #Review,158,97,249,7785,504,6.47,positive,0.576,"#Feedback, #CustomerLove, #BreakingNews, #Update",#Feedback #CustomerLove #BreakingNews #Update,Sports,Brand,True,en
P0282,Facebook,2026-06-30 11:37:24,2026-06-30,11,My favorite lifestyle ever. Worth every penny! #Update #Event2026 #Quality,869,488,265,20883,1622,7.77,positive,0.735,#Trending,#Trending,Lifestyle,Brand,True,en
P0283,Facebook,2026-07-01 08:21:17,2026-07-01,8,Not impressed by sports – overpriced and underwhelming. Expected much better. #Entertainment #Sale #Innovation @team,643,196,228,13073,1067,8.16,negative,-0.693,#Community,#Community,Sports,Regular,False,en
P0284,Twitter,2026-07-01 11:18:41,2026-07-01,11,"Comparison: news vs competitors – specs, pricing and availability. #MustHave #Lifestyle @official",464,294,189,8454,947,11.2,neutral,0.216,"#NewProduct, #BrandCampaign, #Entertainment, #Viral",#NewProduct #BrandCampaign #Entertainment #Viral,News,Regular,False,en
P0285,Twitter,2026-07-01 18:06:44,2026-07-01,18,Fantastic customer service event today! Great speakers and networking opportunities. #TechLaunch #Quality,742,222,15,19784,979,4.95,positive,0.623,"#Community, #Trending, #NewProduct, #Review",#Community #Trending #NewProduct #Review,Customer Service,Brand,True,en
P0286,Twitter,2026-07-01 19:36:31,2026-07-01,19,Love how news keeps innovating. Best update this quarter! #Viral,329,263,79,11332,671,5.92,positive,0.583,"#Update, #SportsDay, #TechLaunch, #Support",#Update #SportsDay #TechLaunch #Support,News,Regular,False,en
P0287,Twitter,2026-07-01 21:31:50,2026-07-01,21,Fantastic tech review event today! Great speakers and networking opportunities. #CustomerLove #Entertainment @support https://t.co/example123,271,163,121,10819,555,5.13,positive,0.633,"#Update, #SportsDay, #CustomerLove",#Update #SportsDay #CustomerLove,Tech Review,Regular,False,en
P0288,Twitter,2026-07-02 17:37:49,2026-07-02,17,Here's my unboxing of customer service. First impressions in thread. #Review,436,191,174,7611,801,10.52,neutral,-0.305,#Support,#Support,Customer Service,Regular,False,en
P0289,YouTube,2026-07-03 14:44:07,2026-07-03,14,"Just tried the new feature and I'm blown away. Clean UI, smooth performance! #Review @official",681,89,409,13679,1179,8.62,positive,0.808,"#Community, #CustomerLove, #Quality",#Community #CustomerLove #Quality,Lifestyle,Regular,False,en
P0290,Instagram,2026-07-05 12:40:44,2026-07-05,12,Absolutely love the new entertainment! The quality is outstanding and delivery was super fast. Highly recommend! #Event2026 #CustomerLove #Community,942,135,354,20422,1431,7.01,positive,0.669,"#Innovation, #Update",#Innovation #Update,Entertainment,Regular,False,en
P0291,Instagram,2026-07-06 13:26:59,2026-07-06,13,"Comparison: customer service vs competitors – specs, pricing and availability. #Entertainment #SportsDay",112,105,140,2643,357,13.51,neutral,-0.04,"#CustomerLove, #Innovation, #BrandCampaign, #Quality",#CustomerLove #Innovation #BrandCampaign #Quality,Customer Service,Regular,False,en
P0292,LinkedIn,2026-07-06 16:20:36,2026-07-06,16,Live from the entertainment venue. Crowd size looks moderate. #TechLaunch #CustomerLove https://t.co/example123,366,170,13,10401,549,5.28,neutral,0.227,"#Lifestyle, #TechLaunch, #Trending, #Entertainment",#Lifestyle #TechLaunch #Trending #Entertainment,Entertainment,Brand,True,en
P0293,Twitter,2026-07-07 12:25:56,2026-07-07,12,Info session about marketing campaign – slides shared in comments. #Lifestyle #Innovation @official,684,71,155,16980,910,5.36,neutral,0.187,"#BrandCampaign, #Viral",#BrandCampaign #Viral,Marketing Campaign,Regular,False,en
P0294,Instagram,2026-07-08 09:36:07,2026-07-08,9,"This tech review campaign is everything! Creative, inspiring and so well executed. #Trending",1016,27,246,16368,1289,7.88,positive,0.79,"#BrandCampaign, #Feedback",#BrandCampaign #Feedback,Tech Review,Regular,False,en
P0295,Twitter,2026-07-08 13:09:01,2026-07-08,13,Avoid entertainment – quality control issues and no refund. #Lifestyle #Viral,323,141,66,7526,530,7.04,negative,-0.624,"#Entertainment, #Viral, #SportsDay",#Entertainment #Viral #SportsDay,Entertainment,Brand,True,en
P0296,Twitter,2026-07-09 07:21:59,2026-07-09,7,Here's my unboxing of lifestyle. First impressions in thread. #Trending #Entertainment,616,239,24,8769,879,10.02,neutral,-0.176,"#BrandCampaign, #Review, #Update",#BrandCampaign #Review #Update,Lifestyle,Regular,False,en
P0297,YouTube,2026-07-09 13:07:54,2026-07-09,13,Really disappointed with marketing campaign. The product arrived damaged and support hasn't replied in 3 days. #Innovation #SportsDay,681,68,104,11715,853,7.28,negative,-0.706,"#CustomerLove, #MustHave, #Feedback, #Quality",#CustomerLove #MustHave #Feedback #Quality,Marketing Campaign,Influencer,False,en
P0298,Twitter,2026-07-09 20:20:47,2026-07-09,20,Live from the sports venue. Crowd size looks moderate. #Sale #Innovation,442,35,45,12467,522,4.19,neutral,-0.168,"#Support, #NewProduct, #Viral",#Support #NewProduct #Viral,Sports,Brand,True,en
P0299,Twitter,2026-07-09 20:56:29,2026-07-09,20,The sports event was chaotic and poorly organized. Waste of time. #Trending #Feedback @brand,786,28,4,16709,818,4.9,negative,-0.564,"#SportsDay, #Support, #Quality",#SportsDay #Support #Quality,Sports,Verified,True,en
P0300,Instagram,2026-07-10 11:03:47,2026-07-10,11,Absolutely love the new customer service! The quality is outstanding and delivery was super fast. Highly recommend! #CustomerLove #MustHave @support https://t.co/example123,2658,157,430,47395,3245,6.85,positive,0.585,#Sale,#Sale,Customer Service,Brand,True,en
P0301,Twitter,2026-07-10 17:43:07,2026-07-10,17,Really disappointed with sports. The product arrived damaged and support hasn't replied in 3 days. #Community #SportsDay #Viral https://t.co/example123,540,144,147,12340,831,6.73,negative,-0.902,"#Review, #NewProduct, #TechLaunch, #Sale",#Review #NewProduct #TechLaunch #Sale,Sports,Regular,False,en
P0302,Twitter,2026-07-10 17:53:23,2026-07-10,17,Fantastic entertainment event today! Great speakers and networking opportunities. #Sale #Lifestyle @team,428,50,8,7326,486,6.63,positive,0.653,"#Event2026, #Lifestyle, #Feedback",#Event2026 #Lifestyle #Feedback,Entertainment,Regular,False,en
P0303,Twitter,2026-07-11 12:37:05,2026-07-11,12,Misleading advertising for news. What was promised vs delivered is very different. #CustomerLove #Update #BrandCampaign,150,158,66,7103,374,5.27,negative,-0.775,"#Viral, #Review, #MustHave, #Innovation",#Viral #Review #MustHave #Innovation,News,Regular,False,en
P0304,Instagram,2026-07-11 14:41:33,2026-07-11,14,"This news campaign is everything! Creative, inspiring and so well executed. #Viral #BrandCampaign @official",2536,39,555,56272,3130,5.56,positive,0.665,"#Lifestyle, #Quality",#Lifestyle #Quality,News,Regular,False,en
P0305,Twitter,2026-07-12 09:00:12,2026-07-12,9,Fantastic customer service event today! Great speakers and networking opportunities. #Event2026 #Quality #Sale,33,92,170,4528,295,6.52,positive,0.72,"#Trending, #Sale, #BrandCampaign",#Trending #Sale #BrandCampaign,Customer Service,Regular,False,en
P0306,LinkedIn,2026-07-12 10:47:38,2026-07-12,10,Update on product launch: rollout scheduled next week across all regions. #Community #MustHave,201,102,7,5419,310,5.72,neutral,-0.224,"#NewProduct, #SportsDay, #Entertainment",#NewProduct #SportsDay #Entertainment,Product Launch,Regular,False,en
P0307,Facebook,2026-07-12 13:20:35,2026-07-12,13,Misleading advertising for tech review. What was promised vs delivered is very different. #Quality,240,332,226,9100,798,8.77,negative,-0.812,"#BreakingNews, #CustomerLove, #Support, #TechLaunch",#BreakingNews #CustomerLove #Support #TechLaunch,Tech Review,Regular,False,en
P0308,Twitter,2026-07-12 21:30:01,2026-07-12,21,Amazing experience with product launch – customer support went above and beyond. 5 stars! #MustHave #Lifestyle https://t.co/example123,268,204,182,8263,654,7.91,positive,0.562,"#Lifestyle, #MustHave",#Lifestyle #MustHave,Product Launch,Influencer,False,en
P0309,YouTube,2026-07-14 11:09:54,2026-07-14,11,Amazing experience with sports – customer support went above and beyond. 5 stars! #BreakingNews #Quality #Innovation,272,145,720,4849,1137,23.45,positive,0.92,#Update,#Update,Sports,Influencer,False,en
P0310,Instagram,2026-07-14 15:01:22,2026-07-14,15,"Attended the entertainment webinar today. Covered basics, Q&A was decent. #Quality #Lifestyle #SportsDay @team https://t.co/example123",2618,59,426,38965,3103,7.96,neutral,0.164,"#Quality, #Sale, #BreakingNews, #Entertainment",#Quality #Sale #BreakingNews #Entertainment,Entertainment,Brand,True,en
P0311,Twitter,2026-07-14 19:46:45,2026-07-14,19,"This entertainment campaign is everything! Creative, inspiring and so well executed. #Entertainment #Quality @support",885,236,152,18755,1273,6.79,positive,0.818,"#Event2026, #MustHave, #Lifestyle",#Event2026 #MustHave #Lifestyle,Entertainment,Brand,True,en
P0312,YouTube,2026-07-16 13:14:08,2026-07-16,13,Love how marketing campaign keeps innovating. Best update this quarter! #Support #SportsDay @official,1502,177,25,26410,1704,6.45,positive,0.609,"#Feedback, #BreakingNews, #Lifestyle, #Support",#Feedback #BreakingNews #Lifestyle #Support,Marketing Campaign,Influencer,False,en
P0313,Instagram,2026-07-16 18:31:46,2026-07-16,18,Really disappointed with customer service. The product arrived damaged and support hasn't replied in 3 days. #Review #SportsDay #Event2026,694,41,418,12241,1153,9.42,negative,-0.792,"#Sale, #MustHave",#Sale #MustHave,Customer Service,Brand,True,en
P0314,Instagram,2026-07-17 22:26:25,2026-07-17,22,Not impressed by entertainment – overpriced and underwhelming. Expected much better. #NewProduct @support,261,153,109,6326,523,8.27,negative,-0.758,"#CustomerLove, #Lifestyle, #Event2026, #Support",#CustomerLove #Lifestyle #Event2026 #Support,Entertainment,Brand,True,en
P0315,Twitter,2026-07-18 12:15:51,2026-07-18,12,Cancelled my order for lifestyle. Too many delays and poor communication. #CustomerLove,3531,1571,285,60653,5387,8.88,negative,-0.911,"#Sale, #Community, #TechLaunch, #MustHave",#Sale #Community #TechLaunch #MustHave,Lifestyle,Regular,False,en
P0316,YouTube,2026-07-18 23:18:13,2026-07-18,23,My favorite lifestyle ever. Worth every penny! #Feedback #Trending #Entertainment https://t.co/example123,3731,989,2054,56693,6774,11.95,positive,0.698,"#Trending, #Lifestyle, #Support",#Trending #Lifestyle #Support,Lifestyle,Brand,True,en
P0317,Facebook,2026-07-19 08:03:27,2026-07-19,8,Amazing experience with tech review – customer support went above and beyond. 5 stars! #Support #Community @official,316,375,198,9612,889,9.25,positive,0.887,"#Viral, #Event2026",#Viral #Event2026,Tech Review,Regular,False,en
P0318,YouTube,2026-07-19 14:29:08,2026-07-19,14,Shoutout to the team behind news – you nailed it. Can't wait for what's next! #Quality #Viral #MustHave,1209,217,814,32250,2240,6.95,positive,0.841,"#SportsDay, #Lifestyle, #Support, #Community",#SportsDay #Lifestyle #Support #Community,News,Regular,False,en
P0319,YouTube,2026-07-20 11:23:19,2026-07-20,11,Documenting my week with customer service. Day 3 observations. #Review,577,393,931,11935,1901,15.93,neutral,-0.327,"#Review, #Feedback",#Review #Feedback,Customer Service,Influencer,True,en
P0320,Facebook,2026-07-20 17:41:05,2026-07-20,17,Amazing experience with marketing campaign – customer support went above and beyond. 5 stars! #Event2026 #Viral #Trending @team,1236,456,304,17496,1996,11.41,positive,0.748,#MustHave,#MustHave,Marketing Campaign,Brand,True,en
P0321,Twitter,2026-07-20 18:30:53,2026-07-20,18,"Checking out the new marketing campaign update. Some interesting changes, still exploring. #Update @brand",332,150,58,8320,540,6.49,neutral,-0.316,"#Community, #MustHave, #NewProduct",#Community #MustHave #NewProduct,Marketing Campaign,Regular,False,en
P0322,LinkedIn,2026-07-21 21:17:50,2026-07-21,21,"Comparison: product launch vs competitors – specs, pricing and availability. #Update #Community #CustomerLove",942,52,134,24247,1128,4.65,neutral,0.145,"#Support, #TechLaunch, #Review, #SportsDay",#Support #TechLaunch #Review #SportsDay,Product Launch,Influencer,True,en
P0323,Twitter,2026-07-22 07:15:48,2026-07-22,7,Absolutely love the new marketing campaign! The quality is outstanding and delivery was super fast. Highly recommend! #CustomerLove #Sale #Trending @support,437,91,18,9352,546,5.84,positive,0.682,"#Innovation, #Trending, #Review",#Innovation #Trending #Review,Marketing Campaign,Regular,False,en
P0324,Facebook,2026-07-22 13:05:54,2026-07-22,13,Misleading advertising for tech review. What was promised vs delivered is very different. #Community #Review #BreakingNews,345,694,463,5327,1502,28.2,negative,-0.814,"#Sale, #Community",#Sale #Community,Tech Review,Regular,False,en
P0325,LinkedIn,2026-07-22 22:34:10,2026-07-22,22,Documenting my week with news. Day 3 observations. #Viral @official,61,127,112,3272,300,9.17,neutral,-0.126,#Review,#Review,News,Regular,False,en
P0326,Facebook,2026-07-23 20:30:17,2026-07-23,20,My favorite tech review ever. Worth every penny! #TechLaunch,486,175,364,14753,1025,6.95,positive,0.782,"#SportsDay, #TechLaunch, #CustomerLove",#SportsDay #TechLaunch #CustomerLove,Tech Review,Brand,True,en
P0327,Facebook,2026-07-24 09:12:42,2026-07-24,9,Misleading advertising for sports. What was promised vs delivered is very different. #Event2026 #Entertainment @team https://t.co/example123,482,129,257,9459,868,9.18,negative,-0.711,"#Community, #Support, #Quality",#Community #Support #Quality,Sports,Regular,False,en
P0328,Facebook,2026-07-24 15:44:45,2026-07-24,15,Cancelled my order for sports. Too many delays and poor communication. #Lifestyle https://t.co/example123,1100,294,179,29111,1573,5.4,negative,-0.676,"#TechLaunch, #Event2026, #SportsDay, #Viral",#TechLaunch #Event2026 #SportsDay #Viral,Sports,Influencer,True,en
P0329,Instagram,2026-07-24 18:48:17,2026-07-24,18,"Worst experience with customer service customer service. Long wait, no resolution. #TechLaunch #Review #MustHave https://t.co/example123",6780,390,776,131988,7946,6.02,negative,-0.947,#BreakingNews,#BreakingNews,Customer Service,Brand,True,en
P0330,Facebook,2026-07-24 21:20:56,2026-07-24,21,Not impressed by entertainment – overpriced and underwhelming. Expected much better. #BrandCampaign #Trending,606,33,87,19762,726,3.67,negative,-0.889,"#Viral, #Entertainment, #Support",#Viral #Entertainment #Support,Entertainment,Verified,True,en
P0331,LinkedIn,2026-07-25 12:56:36,2026-07-25,12,This sports update broke everything. App keeps crashing now. Fix ASAP! #Innovation,492,128,48,12164,668,5.49,negative,-0.862,"#TechLaunch, #Trending, #Entertainment",#TechLaunch #Trending #Entertainment,Sports,Regular,False,en
P0332,LinkedIn,2026-07-25 14:21:53,2026-07-25,14,"Attended the tech review webinar today. Covered basics, Q&A was decent. #Review #TechLaunch #Quality https://t.co/example123",270,52,23,7406,345,4.66,neutral,-0.298,"#Innovation, #BreakingNews, #Review",#Innovation #BreakingNews #Review,Tech Review,Verified,True,en
P0333,Facebook,2026-07-25 16:41:03,2026-07-25,16,"Just tried the new feature and I'm blown away. Clean UI, smooth performance! #TechLaunch #Update #Innovation",561,301,121,15711,983,6.26,positive,0.578,#Viral,#Viral,Marketing Campaign,Regular,False,en
P0334,Twitter,2026-07-26 07:51:28,2026-07-26,7,Amazing experience with sports – customer support went above and beyond. 5 stars! #CustomerLove,634,229,198,10631,1061,9.98,positive,0.581,#Lifestyle,#Lifestyle,Sports,Regular,False,en
P0335,Twitter,2026-07-26 16:43:50,2026-07-26,16,Really disappointed with entertainment. The product arrived damaged and support hasn't replied in 3 days. #Trending #MustHave,410,210,27,10519,647,6.15,negative,-0.74,#NewProduct,#NewProduct,Entertainment,Regular,False,en
P0336,Twitter,2026-07-28 07:19:37,2026-07-28,7,Shoutout to the team behind sports – you nailed it. Can't wait for what's next! #Viral #Quality,1003,166,238,16204,1407,8.68,positive,0.555,"#Lifestyle, #CustomerLove",#Lifestyle #CustomerLove,Sports,Influencer,True,en
P0337,YouTube,2026-07-28 18:21:12,2026-07-28,18,Really disappointed with sports. The product arrived damaged and support hasn't replied in 3 days. #Community #Lifestyle #CustomerLove @brand,672,159,361,14445,1192,8.25,negative,-0.647,"#Entertainment, #Event2026",#Entertainment #Event2026,Sports,Regular,False,en
P0338,Instagram,2026-07-29 10:11:14,2026-07-29,10,Amazing experience with entertainment – customer support went above and beyond. 5 stars! #Sale,1566,7,47,29999,1620,5.4,positive,0.976,"#CustomerLove, #TechLaunch, #Entertainment",#CustomerLove #TechLaunch #Entertainment,Entertainment,Regular,False,en
P0339,Facebook,2026-07-29 10:47:49,2026-07-29,10,My favorite news ever. Worth every penny! #Quality @brand,1028,358,276,14222,1662,11.69,positive,0.799,"#MustHave, #Entertainment",#MustHave #Entertainment,News,Influencer,False,en
P0340,YouTube,2026-07-29 16:33:51,2026-07-29,16,Here's my unboxing of marketing campaign. First impressions in thread. #Review #NewProduct,84,50,278,1095,412,37.63,neutral,-0.225,"#Feedback, #Event2026",#Feedback #Event2026,Marketing Campaign,Regular,False,en
P0341,YouTube,2026-07-30 15:54:34,2026-07-30,15,Fantastic entertainment event today! Great speakers and networking opportunities. #Feedback #NewProduct #Viral https://t.co/example123,399,270,265,9948,934,9.39,positive,0.612,#Event2026,#Event2026,Entertainment,Brand,True,en
P0342,Facebook,2026-07-31 09:14:16,2026-07-31,9,Love how marketing campaign keeps innovating. Best update this quarter! #MustHave #Event2026,651,400,33,18518,1084,5.85,positive,0.773,"#NewProduct, #Innovation, #Trending, #TechLaunch",#NewProduct #Innovation #Trending #TechLaunch,Marketing Campaign,Brand,True,en
P0343,Twitter,2026-07-31 09:45:23,2026-07-31,9,Amazing experience with marketing campaign – customer support went above and beyond. 5 stars! #Event2026 #BrandCampaign @team,149,265,152,5141,566,11.01,positive,0.892,"#Quality, #Support, #MustHave",#Quality #Support #MustHave,Marketing Campaign,Regular,False,en
P0344,Facebook,2026-07-31 10:47:13,2026-07-31,10,Live from the lifestyle venue. Crowd size looks moderate. #Trending #Community https://t.co/example123,1142,143,9,21722,1294,5.96,neutral,-0.253,"#Trending, #BreakingNews",#Trending #BreakingNews,Lifestyle,Regular,False,en
P0345,Facebook,2026-07-31 11:52:49,2026-07-31,11,Amazing experience with sports – customer support went above and beyond. 5 stars! #BrandCampaign,1149,339,45,20249,1533,7.57,positive,0.766,"#Entertainment, #NewProduct, #Innovation",#Entertainment #NewProduct #Innovation,Sports,Verified,True,en
P0346,Instagram,2026-07-31 20:23:16,2026-07-31,20,"Comparison: news vs competitors – specs, pricing and availability. #MustHave",2238,218,400,21839,2856,13.08,neutral,-0.162,"#Viral, #Trending, #SportsDay",#Viral #Trending #SportsDay,News,Brand,True,en
P0347,Instagram,2026-08-01 14:42:53,2026-08-01,14,Info session about news – slides shared in comments. #Update #TechLaunch,2477,96,416,53733,2989,5.56,neutral,0.204,"#Sale, #TechLaunch",#Sale #TechLaunch,News,Brand,True,en
P0348,Twitter,2026-08-02 13:11:57,2026-08-02,13,My favorite product launch ever. Worth every penny! #MustHave #Community @brand,639,131,137,16165,907,5.61,positive,0.905,"#Feedback, #Sale, #Trending, #SportsDay",#Feedback #Sale #Trending #SportsDay,Product Launch,Verified,True,en
P0349,Instagram,2026-08-02 14:12:30,2026-08-02,14,"Checking out the new tech review update. Some interesting changes, still exploring. #Lifestyle",3194,113,246,30201,3553,11.76,neutral,-0.068,"#Trending, #Entertainment, #Event2026, #BrandCampaign",#Trending #Entertainment #Event2026 #BrandCampaign,Tech Review,Regular,False,en
P0350,Instagram,2026-08-02 14:43:29,2026-08-02,14,The marketing campaign event was chaotic and poorly organized. Waste of time. #Lifestyle,851,198,313,20136,1362,6.76,negative,-0.812,"#SportsDay, #Community, #Sale, #Entertainment",#SportsDay #Community #Sale #Entertainment,Marketing Campaign,Regular,False,en
P0351,Twitter,2026-08-02 16:04:29,2026-08-02,16,"This news campaign is everything! Creative, inspiring and so well executed. #BrandCampaign",321,33,286,7602,640,8.42,positive,0.624,"#BreakingNews, #Sale",#BreakingNews #Sale,News,Influencer,True,en
P0352,Facebook,2026-08-02 23:35:07,2026-08-02,23,Misleading advertising for entertainment. What was promised vs delivered is very different. #Update #Sale #BrandCampaign,835,367,27,13818,1229,8.89,negative,-0.901,"#Quality, #Viral",#Quality #Viral,Entertainment,Regular,False,en
P0353,Twitter,2026-08-03 10:01:26,2026-08-03,10,Fantastic product launch event today! Great speakers and networking opportunities. #Sale #MustHave #CustomerLove https://t.co/example123,416,1347,758,10826,2521,23.29,positive,0.704,"#Entertainment, #BreakingNews, #Feedback, #Community",#Entertainment #BreakingNews #Feedback #Community,Product Launch,Influencer,True,en
P0354,Twitter,2026-08-03 11:00:25,2026-08-03,11,"Just tried the new feature and I'm blown away. Clean UI, smooth performance! #Entertainment #Update #Trending https://t.co/example123",3268,374,593,61467,4235,6.89,positive,0.962,"#Review, #Feedback",#Review #Feedback,Tech Review,Influencer,False,en
P0355,YouTube,2026-08-03 12:00:16,2026-08-03,12,Avoid customer service – quality control issues and no refund. #BrandCampaign,490,89,288,12125,867,7.15,negative,-0.645,"#Trending, #NewProduct, #Event2026, #Entertainment",#Trending #NewProduct #Event2026 #Entertainment,Customer Service,Brand,True,en
P0356,Twitter,2026-08-03 15:25:10,2026-08-03,15,Here's my unboxing of marketing campaign. First impressions in thread. #Innovation #SportsDay @brand,89,47,143,4920,279,5.67,neutral,-0.011,"#Sale, #Review",#Sale #Review,Marketing Campaign,Regular,False,en
P0357,Twitter,2026-08-03 16:40:44,2026-08-03,16,Fantastic tech review event today! Great speakers and networking opportunities. #Event2026 #Quality https://t.co/example123,685,193,14,8640,892,10.32,positive,0.9,"#Innovation, #Review",#Innovation #Review,Tech Review,Regular,False,en
P0358,Instagram,2026-08-05 04:48:57,2026-08-05,4,"Checking out the new marketing campaign update. Some interesting changes, still exploring. #Community #MustHave #Trending",1382,175,256,16565,1813,10.94,neutral,0.269,#BreakingNews,#BreakingNews,Marketing Campaign,Regular,False,en
P0359,Twitter,2026-08-05 12:13:34,2026-08-05,12,Avoid tech review – quality control issues and no refund. #NewProduct #Lifestyle #Innovation @brand,1307,282,192,24504,1781,7.27,negative,-0.714,"#Sale, #TechLaunch, #BreakingNews, #NewProduct",#Sale #TechLaunch #BreakingNews #NewProduct,Tech Review,Brand,True,en
P0360,Twitter,2026-08-05 16:53:50,2026-08-05,16,Not impressed by tech review – overpriced and underwhelming. Expected much better. #BrandCampaign #Entertainment @support,718,219,63,15845,1000,6.31,negative,-0.884,"#BrandCampaign, #SportsDay",#BrandCampaign #SportsDay,Tech Review,Brand,True,en
P0361,YouTube,2026-08-06 08:23:25,2026-08-06,8,Here's my unboxing of tech review. First impressions in thread. #BreakingNews #Sale #Community,376,189,212,9113,777,8.53,neutral,-0.023,"#Innovation, #Quality",#Innovation #Quality,Tech Review,Regular,False,en
P0362,Instagram,2026-08-06 10:27:16,2026-08-06,10,Cancelled my order for news. Too many delays and poor communication. #Quality #Sale,1612,130,217,37084,1959,5.28,negative,-0.978,"#CustomerLove, #Review, #Trending, #SportsDay",#CustomerLove #Review #Trending #SportsDay,News,Regular,False,en
P0363,Instagram,2026-08-06 15:30:04,2026-08-06,15,"Attended the news webinar today. Covered basics, Q&A was decent. #Event2026 #Update @support",718,128,20,17861,866,4.85,neutral,0.164,"#Sale, #MustHave, #Event2026, #Trending",#Sale #MustHave #Event2026 #Trending,News,Regular,False,en
P0364,Twitter,2026-08-07 08:36:49,2026-08-07,8,"Comparison: marketing campaign vs competitors – specs, pricing and availability. #SportsDay #Viral @official",413,208,183,8377,804,9.6,neutral,0.101,"#Community, #Sale, #Viral, #BrandCampaign",#Community #Sale #Viral #BrandCampaign,Marketing Campaign,Regular,False,en
P0365,Twitter,2026-08-07 17:06:00,2026-08-07,17,Not impressed by customer service – overpriced and underwhelming. Expected much better. #BrandCampaign #Trending @brand,607,222,258,8037,1087,13.52,negative,-0.9,"#Quality, #Event2026",#Quality #Event2026,Customer Service,Regular,False,en
P0366,LinkedIn,2026-08-07 17:12:31,2026-08-07,17,Amazing experience with marketing campaign – customer support went above and beyond. 5 stars! #Viral,330,3,23,7602,356,4.68,positive,0.872,"#SportsDay, #Event2026, #Feedback, #Community",#SportsDay #Event2026 #Feedback #Community,Marketing Campaign,Regular,False,en
P0367,Twitter,2026-08-07 17:24:39,2026-08-07,17,Update on product launch: rollout scheduled next week across all regions. #Quality #NewProduct,377,435,6,12479,818,6.56,neutral,-0.321,"#NewProduct, #BreakingNews, #Feedback",#NewProduct #BreakingNews #Feedback,Product Launch,Influencer,True,en
P0368,LinkedIn,2026-08-07 21:09:16,2026-08-07,21,"Comparison: sports vs competitors – specs, pricing and availability. #CustomerLove #Feedback",74,100,120,3575,294,8.22,neutral,0.132,"#Innovation, #MustHave",#Innovation #MustHave,Sports,Regular,False,en
P0369,Instagram,2026-08-08 22:52:20,2026-08-08,22,Amazing experience with sports – customer support went above and beyond. 5 stars! #Innovation #BreakingNews #Feedback,3139,345,146,30042,3630,12.08,positive,0.924,"#Support, #Viral, #Entertainment, #TechLaunch",#Support #Viral #Entertainment #TechLaunch,Sports,Brand,True,en
P0370,Twitter,2026-08-09 14:05:19,2026-08-09,14,The sports event was chaotic and poorly organized. Waste of time. #Review #Trending @support,336,328,136,6213,800,12.88,negative,-0.664,#Lifestyle,#Lifestyle,Sports,Brand,True,en
P0371,LinkedIn,2026-08-09 17:42:30,2026-08-09,17,"Attended the news webinar today. Covered basics, Q&A was decent. #Viral https://t.co/example123",568,63,33,9348,664,7.1,neutral,-0.269,"#Trending, #Innovation, #BreakingNews",#Trending #Innovation #BreakingNews,News,Regular,False,en
P0372,Instagram,2026-08-10 07:51:21,2026-08-10,7,Absolutely love the new marketing campaign! The quality is outstanding and delivery was super fast. Highly recommend! #NewProduct #Sale #Support https://t.co/example123,2529,54,412,44187,2995,6.78,positive,0.644,"#Entertainment, #Quality, #Sale, #Trending",#Entertainment #Quality #Sale #Trending,Marketing Campaign,Brand,True,en
P0373,YouTube,2026-08-10 08:05:21,2026-08-10,8,The customer service event was chaotic and poorly organized. Waste of time. #Trending #Update #Viral https://t.co/example123,2329,144,382,26101,2855,10.94,negative,-0.708,#Sale,#Sale,Customer Service,Influencer,False,en
P0374,YouTube,2026-08-10 10:25:00,2026-08-10,10,Fantastic customer service event today! Great speakers and networking opportunities. #NewProduct #Feedback,68,134,116,3255,318,9.77,positive,0.685,"#Support, #Community",#Support #Community,Customer Service,Influencer,True,en
P0375,Twitter,2026-08-11 14:18:18,2026-08-11,14,"Worst experience with tech review customer service. Long wait, no resolution. #Update",263,330,245,7710,838,10.87,negative,-0.883,"#Feedback, #Trending, #Community, #BrandCampaign",#Feedback #Trending #Community #BrandCampaign,Tech Review,Brand,True,en
P0376,Facebook,2026-08-11 17:36:06,2026-08-11,17,Here's my unboxing of tech review. First impressions in thread. #Lifestyle #MustHave #Quality @support https://t.co/example123,899,513,41,19031,1453,7.63,neutral,-0.282,"#TechLaunch, #Feedback",#TechLaunch #Feedback,Tech Review,Brand,True,en
P0377,Facebook,2026-08-12 06:15:25,2026-08-12,6,Really disappointed with marketing campaign. The product arrived damaged and support hasn't replied in 3 days. #Support,145,59,187,4806,391,8.14,negative,-0.688,"#Trending, #BreakingNews",#Trending #BreakingNews,Marketing Campaign,Regular,False,en
P0378,Instagram,2026-08-12 15:36:30,2026-08-12,15,My favorite marketing campaign ever. Worth every penny! #TechLaunch #Review @brand,715,196,547,16554,1458,8.81,positive,0.847,"#TechLaunch, #Community",#TechLaunch #Community,Marketing Campaign,Influencer,True,en
P0379,Facebook,2026-08-12 18:13:42,2026-08-12,18,"Worst experience with marketing campaign customer service. Long wait, no resolution. #TechLaunch #Trending",286,60,171,7263,517,7.12,negative,-0.678,"#BrandCampaign, #Support, #Update, #Review",#BrandCampaign #Support #Update #Review,Marketing Campaign,Regular,False,en
P0380,Instagram,2026-08-14 10:12:09,2026-08-14,10,"Worst experience with marketing campaign customer service. Long wait, no resolution. #Quality #NewProduct #Support",2207,80,347,58819,2634,4.48,negative,-0.98,"#Review, #CustomerLove",#Review #CustomerLove,Marketing Campaign,Regular,False,en
P0381,YouTube,2026-08-14 22:32:19,2026-08-14,22,Here's my unboxing of marketing campaign. First impressions in thread. #Entertainment #SportsDay #BrandCampaign,1241,271,430,13971,1942,13.9,neutral,-0.346,#BrandCampaign,#BrandCampaign,Marketing Campaign,Brand,True,en
P0382,Twitter,2026-08-16 09:48:24,2026-08-16,9,Shoutout to the team behind tech review – you nailed it. Can't wait for what's next! #Quality #Review #Support @official,247,198,29,4156,474,11.41,positive,0.971,#CustomerLove,#CustomerLove,Tech Review,Regular,False,en
P0383,Twitter,2026-08-16 10:40:46,2026-08-16,10,Update on tech review: rollout scheduled next week across all regions. #Trending #SportsDay https://t.co/example123,387,147,35,8736,569,6.51,neutral,-0.199,"#Viral, #Lifestyle, #Update",#Viral #Lifestyle #Update,Tech Review,Verified,True,en
P0384,Twitter,2026-08-16 20:49:17,2026-08-16,20,Documenting my week with tech review. Day 3 observations. #TechLaunch #BreakingNews @brand,705,114,143,11051,962,8.71,neutral,0.103,"#BrandCampaign, #NewProduct, #Event2026, #Feedback",#BrandCampaign #NewProduct #Event2026 #Feedback,Tech Review,Brand,True,en
P0385,Instagram,2026-08-17 17:02:38,2026-08-17,17,Amazing experience with product launch – customer support went above and beyond. 5 stars! #TechLaunch #Entertainment,638,127,264,19673,1029,5.23,positive,0.769,"#Update, #Feedback, #BreakingNews, #Support",#Update #Feedback #BreakingNews #Support,Product Launch,Verified,True,en
P0386,Twitter,2026-08-17 18:32:18,2026-08-17,18,Fantastic entertainment event today! Great speakers and networking opportunities. #Innovation #CustomerLove #Feedback https://t.co/example123,545,84,171,7708,800,10.38,positive,0.554,"#MustHave, #SportsDay, #Event2026, #Feedback",#MustHave #SportsDay #Event2026 #Feedback,Entertainment,Regular,False,en
P0387,Twitter,2026-08-17 18:35:59,2026-08-17,18,Not impressed by entertainment – overpriced and underwhelming. Expected much better. #BrandCampaign #Event2026 #BreakingNews https://t.co/example123,670,49,81,16631,800,4.81,negative,-0.583,#BrandCampaign,#BrandCampaign,Entertainment,Regular,False,en
P0388,Twitter,2026-08-18 01:27:31,2026-08-18,1,Absolutely love the new entertainment! The quality is outstanding and delivery was super fast. Highly recommend! #TechLaunch #MustHave @official https://t.co/example123,678,268,12,18915,958,5.06,positive,0.951,"#SportsDay, #Trending, #Feedback",#SportsDay #Trending #Feedback,Entertainment,Regular,False,en
P0389,Instagram,2026-08-18 11:30:18,2026-08-18,11,Really disappointed with marketing campaign. The product arrived damaged and support hasn't replied in 3 days. #Quality #Trending @brand,619,156,124,17750,899,5.06,negative,-0.755,"#Update, #Review",#Update #Review,Marketing Campaign,Influencer,True,en
P0390,YouTube,2026-08-18 14:59:47,2026-08-18,14,"Just tried the new feature and I'm blown away. Clean UI, smooth performance! #Innovation #Review",902,195,349,9431,1446,15.33,positive,0.607,"#NewProduct, #Trending",#NewProduct #Trending,Tech Review,Regular,False,en
P0391,Twitter,2026-08-18 18:00:22,2026-08-18,18,Misleading advertising for marketing campaign. What was promised vs delivered is very different. #Viral #SportsDay,276,120,123,8586,519,6.04,negative,-0.977,"#MustHave, #SportsDay, #Lifestyle, #Feedback",#MustHave #SportsDay #Lifestyle #Feedback,Marketing Campaign,Regular,False,en
P0392,YouTube,2026-08-19 11:22:45,2026-08-19,11,"Just tried the new feature and I'm blown away. Clean UI, smooth performance! #Viral #Quality @team",818,109,547,15801,1474,9.33,positive,0.922,"#Review, #Innovation, #Feedback",#Review #Innovation #Feedback,Entertainment,Regular,False,en
P0393,Twitter,2026-08-19 12:17:12,2026-08-19,12,"Worst experience with customer service customer service. Long wait, no resolution. #Community https://t.co/example123",289,321,237,7294,847,11.61,negative,-0.874,#Lifestyle,#Lifestyle,Customer Service,Brand,True,en
P0394,LinkedIn,2026-08-19 17:11:15,2026-08-19,17,Cancelled my order for entertainment. Too many delays and poor communication. #Event2026 #TechLaunch,367,130,3,5931,500,8.43,negative,-0.639,"#BrandCampaign, #Viral, #BreakingNews, #Lifestyle",#BrandCampaign #Viral #BreakingNews #Lifestyle,Entertainment,Regular,False,en
P0395,Instagram,2026-08-20 17:49:55,2026-08-20,17,Amazing experience with sports – customer support went above and beyond. 5 stars! #SportsDay #Innovation,1816,76,202,44063,2094,4.75,positive,0.55,"#Review, #Event2026, #TechLaunch",#Review #Event2026 #TechLaunch,Sports,Brand,True,en
P0396,Twitter,2026-08-21 20:04:34,2026-08-21,20,Documenting my week with sports. Day 3 observations. #Review @brand https://t.co/example123,729,253,81,13384,1063,7.94,neutral,0.195,"#Entertainment, #MustHave",#Entertainment #MustHave,Sports,Brand,True,en
P0397,Facebook,2026-08-22 20:32:50,2026-08-22,20,Misleading advertising for lifestyle. What was promised vs delivered is very different. #Feedback #Event2026 #MustHave https://t.co/example123,154,97,133,7743,384,4.96,negative,-0.893,"#BrandCampaign, #Quality, #Viral, #Support",#BrandCampaign #Quality #Viral #Support,Lifestyle,Brand,True,en
P0398,Twitter,2026-08-23 00:36:13,2026-08-23,0,Amazing experience with lifestyle – customer support went above and beyond. 5 stars! #MustHave,1168,163,307,27415,1638,5.97,positive,0.57,"#Trending, #Innovation, #Entertainment, #SportsDay",#Trending #Innovation #Entertainment #SportsDay,Lifestyle,Influencer,True,en
P0399,Twitter,2026-08-23 10:17:11,2026-08-23,10,Here's my unboxing of customer service. First impressions in thread. #Event2026 #Sale @brand,397,171,24,12088,592,4.9,neutral,0.074,#Feedback,#Feedback,Customer Service,Regular,False,en
P0400,Twitter,2026-08-23 16:15:52,2026-08-23,16,This news update broke everything. App keeps crashing now. Fix ASAP! #Update @brand,323,142,144,4954,609,12.29,negative,-0.869,"#Lifestyle, #Innovation, #CustomerLove",#Lifestyle #Innovation #CustomerLove,News,Regular,False,en
P0401,Twitter,2026-08-24 09:30:05,2026-08-24,9,This product launch update broke everything. App keeps crashing now. Fix ASAP! #BreakingNews #NewProduct @team https://t.co/example123,128,200,170,6998,498,7.12,negative,-0.645,"#Viral, #Feedback",#Viral #Feedback,Product Launch,Regular,False,en
P0402,YouTube,2026-08-25 10:05:17,2026-08-25,10,Absolutely love the new customer service! The quality is outstanding and delivery was super fast. Highly recommend! #TechLaunch,83,206,145,4805,434,9.03,positive,0.873,#Lifestyle,#Lifestyle,Customer Service,Brand,True,en
P0403,LinkedIn,2026-08-25 10:18:22,2026-08-25,10,"Just tried the new feature and I'm blown away. Clean UI, smooth performance! #Trending #Lifestyle",440,38,2,6796,480,7.06,positive,0.931,"#Review, #Quality, #SportsDay, #Event2026",#Review #Quality #SportsDay #Event2026,Customer Service,Regular,False,en
P0404,Instagram,2026-08-25 10:58:41,2026-08-25,10,"Worst experience with news customer service. Long wait, no resolution. #Trending https://t.co/example123",818,170,154,9084,1142,12.57,negative,-0.899,"#BrandCampaign, #Viral",#BrandCampaign #Viral,News,Regular,False,en
P0405,Twitter,2026-08-25 16:07:01,2026-08-25,16,"This product launch campaign is everything! Creative, inspiring and so well executed. #Community #MustHave",747,231,239,9127,1217,13.33,positive,0.89,"#Lifestyle, #BreakingNews, #CustomerLove, #Innovation",#Lifestyle #BreakingNews #CustomerLove #Innovation,Product Launch,Brand,True,en
P0406,Twitter,2026-08-26 20:42:23,2026-08-26,20,Cancelled my order for sports. Too many delays and poor communication. #SportsDay #Viral #Lifestyle,639,82,48,17764,769,4.33,negative,-0.584,"#Feedback, #Review, #Innovation",#Feedback #Review #Innovation,Sports,Regular,False,en
P0407,YouTube,2026-08-26 23:11:49,2026-08-26,23,Avoid customer service – quality control issues and no refund. #Review,442,111,209,12499,762,6.1,negative,-0.559,"#Lifestyle, #BrandCampaign, #NewProduct",#Lifestyle #BrandCampaign #NewProduct,Customer Service,Brand,True,en
P0408,Instagram,2026-08-27 15:26:33,2026-08-27,15,Documenting my week with sports. Day 3 observations. #Quality #Update #Community,1445,40,344,24814,1829,7.37,neutral,0.331,"#Trending, #BrandCampaign",#Trending #BrandCampaign,Sports,Regular,False,en
P0409,Facebook,2026-08-28 09:54:35,2026-08-28,9,Amazing experience with tech review – customer support went above and beyond. 5 stars! #Feedback,84,253,377,3026,714,23.6,positive,0.551,"#Sale, #MustHave",#Sale #MustHave,Tech Review,Brand,True,en
P0410,YouTube,2026-08-28 12:05:15,2026-08-28,12,The entertainment event was chaotic and poorly organized. Waste of time. #CustomerLove #Review https://t.co/example123,1464,185,156,29495,1805,6.12,negative,-0.956,"#TechLaunch, #Lifestyle",#TechLaunch #Lifestyle,Entertainment,Regular,False,en
P0411,Facebook,2026-08-29 09:06:04,2026-08-29,9,Documenting my week with customer service. Day 3 observations. #Innovation @brand,1116,265,115,13087,1496,11.43,neutral,-0.131,"#TechLaunch, #BreakingNews, #Sale",#TechLaunch #BreakingNews #Sale,Customer Service,Brand,True,en
P0412,Twitter,2026-08-29 10:11:52,2026-08-29,10,"Worst experience with entertainment customer service. Long wait, no resolution. #BrandCampaign #Support",968,417,129,17990,1514,8.42,negative,-0.742,"#Trending, #CustomerLove",#Trending #CustomerLove,Entertainment,Influencer,False,en
P0413,Twitter,2026-08-29 18:32:10,2026-08-29,18,Fantastic entertainment event today! Great speakers and networking opportunities. #NewProduct #MustHave #TechLaunch @support https://t.co/example123,786,275,181,17213,1242,7.22,positive,0.87,#Event2026,#Event2026,Entertainment,Regular,False,en
P0414,Twitter,2026-08-30 10:48:25,2026-08-30,10,Absolutely love the new product launch! The quality is outstanding and delivery was super fast. Highly recommend! #Quality #CustomerLove #Community @official https://t.co/example123,874,27,83,14680,984,6.7,positive,0.787,"#Sale, #Trending, #Support",#Sale #Trending #Support,Product Launch,Brand,True,en
P0415,Facebook,2026-08-30 21:14:56,2026-08-30,21,Fantastic marketing campaign event today! Great speakers and networking opportunities. #Community #CustomerLove @support,1379,79,340,16742,1798,10.74,positive,0.725,#BrandCampaign,#BrandCampaign,Marketing Campaign,Brand,True,en
P0416,LinkedIn,2026-08-31 06:38:49,2026-08-31,6,Shoutout to the team behind tech review – you nailed it. Can't wait for what's next! #CustomerLove #Update @team https://t.co/example123,512,56,91,12712,659,5.18,positive,0.697,"#NewProduct, #Community",#NewProduct #Community,Tech Review,Regular,False,en
P0417,Twitter,2026-08-31 10:39:38,2026-08-31,10,"This marketing campaign campaign is everything! Creative, inspiring and so well executed. #Sale #Feedback",712,353,258,16481,1323,8.03,positive,0.964,#Trending,#Trending,Marketing Campaign,Brand,True,en
P0418,Twitter,2026-08-31 16:08:07,2026-08-31,16,Not impressed by marketing campaign – overpriced and underwhelming. Expected much better. #Community #Feedback https://t.co/example123,1379,195,425,24765,1999,8.07,negative,-0.938,"#Innovation, #Quality, #Event2026, #MustHave",#Innovation #Quality #Event2026 #MustHave,Marketing Campaign,Influencer,False,en
P0419,LinkedIn,2026-08-31 20:59:25,2026-08-31,20,Fantastic product launch event today! Great speakers and networking opportunities. #BrandCampaign #Feedback,598,104,111,7807,813,10.41,positive,0.712,"#Review, #BrandCampaign, #SportsDay, #Event2026",#Review #BrandCampaign #SportsDay #Event2026,Product Launch,Regular,False,en
P0420,Instagram,2026-08-31 22:03:47,2026-08-31,22,Love how sports keeps innovating. Best update this quarter! #Viral,790,152,256,21529,1198,5.56,positive,0.919,#Event2026,#Event2026,Sports,Brand,True,en
